,Locality,Buy Rate per Sqft,1 BHK,2 BHK,3 BHK
0,Anand Nagar,"Rs. 7,735 - 8,628/sq. ft.","Rs. 10,566 - 12,486","Rs. 15,300 - 18,360","Rs. 19,890 - 24,310"
1,Ashok Nagar,"Rs. 8,840 - 10,242/sq. ft.",-,"Rs. 18,553 - 20,973",-
2,Balkum,"Rs. 8,755 - 9,988/sq. ft.","Rs. 12,928 - 15,415","Rs. 17,850 - 20,825","Rs. 25,517 - 29,345"
3,Balkum Pada,"Rs. 8,542 - 9,095/sq. ft.","Rs. 10,846 - 14,297","Rs. 13,728 - 19,508",-
4,Bhaskar Colony,"Rs. 13,940 - 15,555/sq. ft.",-,-,-
5,Bhayandarpada,"Rs. 7,012 - 7,905/sq. ft.",-,"Rs. 13,600 - 15,300",-
6,Brahmand,"Rs. 8,415 - 9,308/sq. ft.","Rs. 12,243 - 12,714","Rs. 16,830 - 19,890",-
7,Budhaji Nagar,"Rs. 7,268 - 8,202/sq. ft.",-,-,-
8,Charai,"Rs. 10,158 - 12,155/sq. ft.","Rs. 13,260 - 14,586",-,-
9,Chirak Nagar,"Rs. 10,455 - 11,688/sq. ft.","Rs. 17,629 - 20,222","Rs. 20,196 - 22,889",-
10,Damoji Patil Wadi,"Rs. 13,260 - 13,812/sq. ft.","Rs. 17,748 - 18,734",-,-
11,Devdaya Nagar,"Rs. 11,900 - 14,280/sq. ft.","Rs. 12,967 - 14,408","Rs. 21,250 - 25,500",-
12,Dhobi Ali,"Rs. 9,605 - 12,155/sq. ft.",-,-,-
13,Dhokali,"Rs. 8,968 - 9,988/sq. ft.","Rs. 13,311 - 15,283","Rs. 19,125 - 20,655","Rs. 23,375 - 27,625"
14,Diva Gaon,"Rs. 2,422 - 3,272/sq. ft.","Rs. 3,536 - 4,420",-,-
15,Dokali Pada,"Rs. 8,798 - 9,818/sq. ft.","Rs. 13,196 - 15,640","Rs. 17,790 - 20,884",-
16,Dongripada,-,-,"Rs. 19,910 - 21,570",-
17,Eden Wood,"Rs. 10,582 - 11,560/sq. ft.",-,"Rs. 19,614 - 23,536",-
18,Ganeshwadi,"Rs. 7,905 - 8,585/sq. ft.",-,-,-
19,Gawand Baug,"Rs. 9,478 - 10,115/sq. ft.","Rs. 14,875 - 16,660","Rs. 20,188 - 22,610",-
20,G B Road,"Rs. 7,522 - 8,670/sq. ft.","Rs. 9,996 - 12,852","Rs. 14,858 - 17,986",-
21,Ghodbunder Road,"Rs. 8,202 - 10,328/sq. ft.","Rs. 11,495 - 15,494","Rs. 17,298 - 22,015","Rs. 27,272 - 34,387"
22,Hari Om Nagar,"Rs. 13,260 - 13,812/sq. ft.","Rs. 17,748 - 18,734",-,-
23,Hiranandani Estate,"Rs. 10,710 - 12,750/sq. ft.","Rs. 16,550 - 18,556","Rs. 22,974 - 26,143","Rs. 35,572 - 39,525"
24,Hiranandani Meadows,"Rs. 14,492 - 16,575/sq. ft.",-,"Rs. 24,735 - 28,858","Rs. 39,525 - 43,350"
25,Jambli Naka,"Rs. 10,200 - 12,112/sq. ft.",-,-,-
26,JK Gram,"Rs. 12,070 - 12,410/sq. ft.",-,-,-
27,Kailash Nagar,"Rs. 9,095 - 9,818/sq. ft.",-,"Rs. 19,125 - 21,420",-
28,Kalher,"Rs. 3,230 - 3,740/sq. ft.","Rs. 4,462 - 5,355","Rs. 5,018 - 6,273",-
29,Kalwa,"Rs. 7,608 - 8,755/sq. ft.","Rs. 10,752 - 12,219","Rs. 15,011 - 17,263","Rs. 19,125 - 21,038"
30,Kapurbawadi,"Rs. 9,945 - 11,348/sq. ft.","Rs. 14,470 - 16,021",-,"Rs. 26,373 - 30,960"
31,Kasar Vadavali,"Rs. 7,352 - 8,330/sq. ft.","Rs. 10,353 - 11,832","Rs. 14,115 - 16,344","Rs. 19,380 - 22,440"
32,Kasheli,"Rs. 3,612 - 4,165/sq. ft.","Rs. 5,661 - 6,133",-,-
33,Kavesar,"Rs. 8,372 - 9,520/sq. ft.","Rs. 12,158 - 13,172","Rs. 17,850 - 20,400","Rs. 27,685 - 32,959"
34,Kharkar Alley,"Rs. 9,095 - 11,348/sq. ft.",-,-,-
35,Khopat,"Rs. 10,880 - 12,665/sq. ft.","Rs. 16,048 - 17,552","Rs. 22,872 - 25,085",-
36,Kisan Nagar,"Rs. 5,015 - 5,822/sq. ft.","Rs. 8,113 - 8,819",-,-
37,Kolbad Road,"Rs. 10,625 - 11,645/sq. ft.",-,-,-
38,Kolshet,"Rs. 9,392 - 10,285/sq. ft.",-,"Rs. 16,813 - 19,006",-
39,Kolshet Industrial Area,"Rs. 8,288 - 12,112/sq. ft.",-,-,-
40,Kolshet Road,"Rs. 9,052 - 10,498/sq. ft.","Rs. 14,399 - 16,456","Rs. 18,360 - 20,655","Rs. 25,180 - 29,560"
41,Kopri,"Rs. 9,562 - 11,220/sq. ft.","Rs. 13,558 - 14,960","Rs. 22,904 - 26,297",-
42,Laxmi Nagar,"Rs. 11,220 - 12,410/sq. ft.",-,"Rs. 23,800 - 26,350",-
43,Lokmanya Nagar,-,"Rs. 10,335 - 14,764","Rs. 17,707 - 21,396",-
44,Lokpuram,-,"Rs. 14,492 - 16,362",-,-
45,Lok Upvan,-,"Rs. 13,607 - 15,484","Rs. 19,380 - 22,610",-
46,Louis Wadi,"Rs. 10,922 - 12,665/sq. ft.","Rs. 15,283 - 17,748","Rs. 22,185 - 25,245","Rs. 33,150 - 41,990"
47,Majiwada,"Rs. 9,052 - 10,200/sq. ft.","Rs. 12,928 - 16,409","Rs. 20,380 - 22,927","Rs. 28,069 - 31,896"
48,Manisha Nagar,"Rs. 7,140 - 8,500/sq. ft.","Rs. 10,752 - 12,155",-,-
49,Manpada,"Rs. 9,902 - 11,220/sq. ft.","Rs. 14,662 - 16,129","Rs. 21,349 - 23,812","Rs. 28,458 - 34,387"
50,Mogharpada,"Rs. 7,182 - 7,480/sq. ft.",-,-,-
51,Naupada,"Rs. 12,920 - 14,535/sq. ft.","Rs. 15,512 - 18,332","Rs. 24,670 - 29,296","Rs. 27,668 - 34,808"
52,Owale,"Rs. 6,842 - 7,862/sq. ft.","Rs. 9,911 - 10,407","Rs. 12,913 - 15,783","Rs. 26,257 - 28,758"
53,Panch Pakhadi,"Rs. 11,560 - 13,728/sq. ft.","Rs. 15,895 - 17,298","Rs. 23,434 - 24,997","Rs. 35,177 - 38,582"
54,Parsik Nagar,"Rs. 7,990 - 8,798/sq. ft.","Rs. 11,407 - 12,962","Rs. 15,147 - 17,419","Rs. 19,125 - 21,038"
55,Patlipada,"Rs. 9,010 - 11,772/sq. ft.","Rs. 12,622 - 16,362","Rs. 18,006 - 22,703","Rs. 37,641 - 40,236"
56,Pokharan Road,"Rs. 10,540 - 12,198/sq. ft.",-,"Rs. 23,256 - 24,031",-
57,Pokhran-2,"Rs. 10,838 - 12,112/sq. ft.","Rs. 13,804 - 15,776","Rs. 22,800 - 26,058","Rs. 32,245 - 38,216"
58,Rabodi,"Rs. 7,268 - 8,712/sq. ft.",-,-,-
59,Ram Maruti Road,"Rs. 12,920 - 14,450/sq. ft.",-,-,-
60,Sai Nagar,"Rs. 7,395 - 8,500/sq. ft.","Rs. 10,378 - 11,322","Rs. 14,399 - 17,999",-
61,Sainath Nagar,"Rs. 9,690 - 10,668/sq. ft.","Rs. 17,738 - 19,655","Rs. 19,659 - 23,871","Rs. 27,214 - 35,496"
62,Samata Nagar,"Rs. 11,092 - 11,900/sq. ft.","Rs. 16,565 - 17,082","Rs. 22,372 - 24,769","Rs. 26,112 - 30,464"
63,Shivai Nagar,"Rs. 10,625 - 12,750/sq. ft.","Rs. 13,642 - 14,552","Rs. 21,250 - 25,500",-
64,Shree Nagar,"Rs. 10,838 - 13,302/sq. ft.",-,-,-
65,Teen Haath Naka,"Rs. 11,815 - 15,598/sq. ft.","Rs. 15,810 - 17,850","Rs. 23,256 - 27,616","Rs. 36,837 - 42,779"
66,Tembhi Naka,"Rs. 9,435 - 12,155/sq. ft.",-,-,-
67,Thane (East),"Rs. 10,625 - 12,495/sq. ft.","Rs. 15,178 - 17,626","Rs. 22,481 - 24,031",-
68,Thane West,"Rs. 8,798 - 10,965/sq. ft.","Rs. 12,325 - 15,776","Rs. 18,870 - 22,801","Rs. 26,803 - 33,795"
69,Uthalsar,"Rs. 10,200 - 11,390/sq. ft.","Rs. 13,558 - 15,895","Rs. 24,432 - 31,835",-
70,Vartak Nagar,"Rs. 9,435 - 10,625/sq. ft.","Rs. 14,790 - 16,320","Rs. 19,508 - 21,675",-
71,Vasant Vihar,"Rs. 10,838 - 11,858/sq. ft.","Rs. 13,821 - 16,124","Rs. 22,872 - 25,322","Rs. 30,799 - 35,362"
72,Vijay Nagari,"Rs. 8,202 - 9,222/sq. ft.","Rs. 12,219 - 13,685","Rs. 19,033 - 20,619","Rs. 26,988 - 28,067"
73,Vitawa,"Rs. 4,718 - 5,738/sq. ft.",-,-,-
74,Vrindavan,"Rs. 9,222 - 11,475/sq. ft.",-,-,-
75,Waghbil,"Rs. 8,202 - 9,095/sq. ft.","Rs. 10,968 - 12,875","Rs. 16,250 - 20,682","Rs. 22,045 - 25,194"
76,Wagle Estate,"Rs. 11,815 - 13,345/sq. ft.","Rs. 13,821 - 16,124","Rs. 24,174 - 26,591","Rs. 35,599 - 41,341"
77,Yashodhan Nagar,-,"Rs. 9,945 - 11,858",-,-
78,Adharwadi,"Rs. 4,972 - 5,610/sq. ft.","Rs. 6,122 - 7,064","Rs. 12,888 - 13,808","Rs. 15,470 - 16,575"
79,Ambernath,"Rs. 3,358 - 3,910/sq. ft.","Rs. 4,189 - 5,760","Rs. 5,746 - 7,182",-
80,Ambernath East,"Rs. 3,400 - 3,995/sq. ft.","Rs. 4,250 - 5,312","Rs. 5,766 - 7,929",-
81,Ambernath West,"Rs. 3,315 - 4,080/sq. ft.","Rs. 4,359 - 5,448",-,-
82,Ambivali West,"Rs. 3,740 - 4,845/sq. ft.",-,-,-
83,Ambivli,"Rs. 3,868 - 4,590/sq. ft.","Rs. 2,830 - 3,397","Rs. 3,155 - 3,550",-
84,Anjurdive,"Rs. 6,885 - 7,522/sq. ft.",-,-,-
85,Aptewadi,"Rs. 3,018 - 3,485/sq. ft.",-,-,-
86,Asangaon,"Rs. 2,848 - 3,060/sq. ft.",-,-,-
87,Atgaon,"Rs. 3,102 - 3,868/sq. ft.",-,-,-
88,Azde Gaon,"Rs. 3,740 - 4,718/sq. ft.",-,-,-
89,Badlapur,"Rs. 3,018 - 3,485/sq. ft.","Rs. 3,570 - 4,080","Rs. 5,206 - 5,950",-
90,Badlapur (East),"Rs. 3,018 - 3,400/sq. ft.","Rs. 3,060 - 4,080","Rs. 4,590 - 6,120",-
91,Badlapur (West),"Rs. 3,018 - 3,400/sq. ft.","Rs. 3,588 - 4,100","Rs. 4,938 - 5,644",-
92,Balaji Nagar,"Rs. 6,248 - 6,842/sq. ft.",-,-,-
93,Belavali,"Rs. 3,018 - 3,485/sq. ft.","Rs. 3,748 - 5,355",-,-
94,Bhadra Nagar,"Rs. 7,480 - 8,288/sq. ft.",-,-,-
95,Bhivpuri,"Rs. 2,125 - 2,550/sq. ft.",-,-,-
96,Bhiwandi,"Rs. 3,698 - 4,675/sq. ft.","Rs. 4,692 - 6,569","Rs. 7,327 - 8,060",-
97,Chanakya Nagar,"Rs. 4,930 - 5,525/sq. ft.",-,"Rs. 8,565 - 9,343",-
98,Chikan Ghar,"Rs. 6,035 - 6,800/sq. ft.","Rs. 8,742 - 10,285",-,-
99,Chikholi,"Rs. 3,145 - 3,740/sq. ft.",-,-,-
100,Dahivali,"Rs. 2,678 - 3,145/sq. ft.",-,-,-
101,Dahiwali Tarf Waredi,"Rs. 2,848 - 4,165/sq. ft.",-,-,-
102,Dawadi Gaon,"Rs. 4,038 - 4,632/sq. ft.",-,-,-
103,Desale Pada,"Rs. 4,038 - 4,972/sq. ft.","Rs. 4,413 - 5,216",-,-
104,Devicha Pada,"Rs. 5,355 - 6,290/sq. ft.",-,-,-
105,Dombivli (East),"Rs. 5,015 - 5,908/sq. ft.","Rs. 6,028 - 8,038","Rs. 8,013 - 10,927","Rs. 10,285 - 13,090"
106,Dombivli (West),"Rs. 5,228 - 6,205/sq. ft.","Rs. 7,166 - 8,121",-,-
107,Gandhar Nagar,"Rs. 6,205 - 7,098/sq. ft.","Rs. 7,650 - 8,160","Rs. 11,686 - 14,190",-
108,Gandhi Nagar,"Rs. 5,652 - 6,332/sq. ft.",-,-,-
109,Ganesh Nagar,"Rs. 5,992 - 6,418/sq. ft.","Rs. 5,814 - 7,268",-,-
110,Gauripada,"Rs. 5,228 - 5,780/sq. ft.",-,-,-
111,Gograswadi,"Rs. 5,398 - 6,588/sq. ft.",-,-,-
112,Hanuman Nagar,"Rs. 4,080 - 4,845/sq. ft.",-,-,-
113,Hendre Pada,"Rs. 3,358 - 3,612/sq. ft.","Rs. 3,510 - 4,012","Rs. 6,640 - 7,378",-
114,Jadhav Colony,"Rs. 2,975 - 3,485/sq. ft.",-,-,-
115,Joveli Gaon,"Rs. 2,890 - 3,272/sq. ft.",-,-,-
116,Kailash Colony,"Rs. 3,188 - 3,952/sq. ft.",-,-,-
117,Kalu Nagar,"Rs. 5,610 - 6,842/sq. ft.",-,-,-
118,Kalwa,"Rs. 7,012 - 8,500/sq. ft.","Rs. 9,286 - 11,241","Rs. 15,895 - 18,279",-
119,Kalyan (East),"Rs. 4,122 - 5,398/sq. ft.","Rs. 5,330 - 6,783","Rs. 9,792 - 11,424",-
120,Kalyan (West),"Rs. 5,355 - 6,205/sq. ft.","Rs. 7,021 - 8,526","Rs. 10,763 - 13,246","Rs. 14,763 - 18,170"
121,Kamlakar Nagar,"Rs. 3,230 - 3,570/sq. ft.",-,-,-
122,Karjat,"Rs. 2,762 - 3,272/sq. ft.","Rs. 3,631 - 4,085",-,-
123,Katemanivali,"Rs. 4,038 - 5,100/sq. ft.",-,-,-
124,Katrap,"Rs. 3,188 - 3,698/sq. ft.","Rs. 3,147 - 4,720","Rs. 5,355 - 6,120",-
125,Khadakpada,"Rs. 5,525 - 6,418/sq. ft.","Rs. 7,021 - 8,024","Rs. 11,900 - 14,450","Rs. 16,660 - 17,850"
126,Kharegaon,"Rs. 5,992 - 7,480/sq. ft.","Rs. 9,775 - 11,241","Rs. 13,728 - 15,172",-
127,Kharvai,"Rs. 3,060 - 3,315/sq. ft.","Rs. 2,851 - 3,801",-,-
128,Khatiwali,"Rs. 2,720 - 3,528/sq. ft.",-,-,-
129,Khoni,"Rs. 6,502 - 7,650/sq. ft.",-,-,-
130,Khopoli,"Rs. 3,230 - 3,612/sq. ft.","Rs. 4,786 - 5,264","Rs. 7,751 - 9,160",-
131,Khuntavali,"Rs. 3,272 - 4,038/sq. ft.",-,-,-
132,Kongaon,"Rs. 3,272 - 4,250/sq. ft.",-,-,-
133,Kopargaon,"Rs. 5,398 - 6,460/sq. ft.",-,-,-
134,Kulgaon,"Rs. 3,188 - 3,612/sq. ft.",-,-,-
135,Kumbharkhan Pada,"Rs. 5,525 - 6,375/sq. ft.",-,-,-
136,Maharashtra Nagar,"Rs. 5,355 - 6,588/sq. ft.",-,-,-
137,Manda,"Rs. 3,442 - 4,080/sq. ft.",-,-,-
138,Manjarli,"Rs. 3,060 - 3,740/sq. ft.","Rs. 3,737 - 4,270","Rs. 5,426 - 6,105",-
139,M I D C,"Rs. 5,270 - 6,332/sq. ft.",-,-,-
140,Morivali,"Rs. 3,528 - 4,080/sq. ft.",-,-,-
141,Mumbra,"Rs. 2,805 - 4,038/sq. ft.",-,-,-
142,Nandivali Gaon,"Rs. 3,188 - 3,698/sq. ft.",-,-,-
143,Nandivali Panchanand,"Rs. 3,698 - 4,845/sq. ft.","Rs. 5,208 - 6,155",-,-
144,Nandivli,"Rs. 4,420 - 5,398/sq. ft.",-,-,-
145,Navare Nagar,"Rs. 3,570 - 3,910/sq. ft.",-,-,-
146,Neral,"Rs. 2,720 - 2,975/sq. ft.","Rs. 3,516 - 3,955",-,-
147,Nilje Gaon,"Rs. 4,845 - 5,398/sq. ft.","Rs. 7,472 - 8,468","Rs. 9,116 - 10,519","Rs. 11,426 - 13,184"
148,P And T Colony,"Rs. 4,802 - 6,205/sq. ft.",-,-,-
149,Pendse Nagar,"Rs. 5,568 - 6,842/sq. ft.",-,-,-
150,Pisavli,"Rs. 3,442 - 4,038/sq. ft.",-,-,-
151,Radha Nagar,"Rs. 5,652 - 6,502/sq. ft.","Rs. 7,268 - 8,721",-,-
152,Rambaug,"Rs. 6,332 - 7,608/sq. ft.","Rs. 7,012 - 8,415",-,-
153,Rameshwadi,"Rs. 3,060 - 3,825/sq. ft.",-,-,-
154,Ranjnoli,"Rs. 4,972 - 5,482/sq. ft.",-,-,-
155,Sagaon,"Rs. 3,952 - 5,015/sq. ft.",-,-,-
156,Sagarli,"Rs. 4,080 - 5,185/sq. ft.","Rs. 3,825 - 4,590",-,-
157,Sahyadri Nagar,"Rs. 2,890 - 3,528/sq. ft.",-,-,-
158,Sangeeta Wadi,"Rs. 5,908 - 6,970/sq. ft.",-,-,-
159,Shahad,"Rs. 4,420 - 6,715/sq. ft.",-,-,-
160,Shahapur,"Rs. 2,678 - 3,272/sq. ft.",-,-,-
161,Shaninagar,"Rs. 3,018 - 3,358/sq. ft.",-,-,-
162,Shastri Nagar,"Rs. 5,950 - 6,545/sq. ft.","Rs. 6,707 - 8,255",-,-
163,Shirgaon,"Rs. 3,060 - 3,570/sq. ft.","Rs. 3,009 - 3,510","Rs. 5,040 - 5,760",-
164,Sonar Pada,"Rs. 3,910 - 4,802/sq. ft.",-,-,-
165,Sonivali,"Rs. 3,442 - 3,825/sq. ft.","Rs. 3,302 - 3,774",-,-
166,Sunil Nagar,"Rs. 6,248 - 6,588/sq. ft.","Rs. 7,650 - 8,160",-,-
167,Thakurli,"Rs. 5,908 - 6,290/sq. ft.","Rs. 7,521 - 8,595","Rs. 10,912 - 12,471",-
168,Thakurwadi,"Rs. 5,398 - 6,248/sq. ft.",-,-,-
169,Themghar,"Rs. 3,910 - 5,312/sq. ft.",-,-,-
170,Tilak Nagar,-,"Rs. 7,326 - 7,757",-,-
171,Tisgao Naka,"Rs. 4,335 - 5,568/sq. ft.",-,-,-
172,Titwala,"Rs. 3,485 - 4,208/sq. ft.","Rs. 4,475 - 4,972","Rs. 6,474 - 8,092",-
173,Ulhasnagar,"Rs. 3,230 - 4,462/sq. ft.",-,-,-
174,Usarghar Gaon,-,-,"Rs. 6,647 - 10,635",-
175,Valivali Gaon,"Rs. 2,932 - 3,315/sq. ft.",-,-,-
176,Vangani,"Rs. 2,508 - 3,102/sq. ft.","Rs. 2,514 - 3,352",-,-
177,Vasind,"Rs. 2,508 - 2,848/sq. ft.","Rs. 2,535 - 3,380",-,-
178,Vishnunagar,"Rs. 6,205 - 7,438/sq. ft.","Rs. 7,650 - 9,180",-,-
179,Wayale Nagar,"Rs. 6,248 - 7,182/sq. ft.","Rs. 7,459 - 8,453",-,-
180,Wayle Nagar,"Rs. 6,290 - 6,970/sq. ft.","Rs. 7,568 - 8,650","Rs. 13,355 - 15,025",-
181,Yogidham,"Rs. 5,738 - 6,502/sq. ft.","Rs. 8,024 - 9,027","Rs. 11,156 - 12,644",-
182,Agashi,"Rs. 4,122 - 4,462/sq. ft.",-,-,-
183,Ambawadi,"Rs. 3,910 - 4,718/sq. ft.",-,-,-
184,Bevarly Park,"Rs. 7,778 - 8,670/sq. ft.","Rs. 10,407 - 11,893","Rs. 14,083 - 17,048",-
185,Bhabola,"Rs. 5,610 - 6,418/sq. ft.",-,-,-
186,Bhayander (East),"Rs. 7,268 - 8,245/sq. ft.","Rs. 9,873 - 11,160","Rs. 13,600 - 16,320",-
187,Bhayander (West),"Rs. 6,800 - 8,628/sq. ft.","Rs. 8,479 - 11,305",-,-
188,Boisar,"Rs. 2,805 - 3,570/sq. ft.","Rs. 3,565 - 4,357","Rs. 4,590 - 5,738",-
189,Bolinj,"Rs. 4,122 - 4,888/sq. ft.","Rs. 5,579 - 6,509",-,-
190,Chakradhar Nagar,"Rs. 4,038 - 4,802/sq. ft.",-,-,-
191,Chandansar,"Rs. 3,570 - 4,122/sq. ft.",-,-,-
192,Chandan Shanti,"Rs. 8,245 - 9,265/sq. ft.","Rs. 11,407 - 12,962","Rs. 14,603 - 17,524",-
193,Chikhal Dongari,"Rs. 4,250 - 4,548/sq. ft.","Rs. 5,152 - 5,620","Rs. 6,706 - 7,377",-
194,Dongarpada,"Rs. 3,868 - 4,378/sq. ft.",-,-,-
195,Fatherwadi,"Rs. 4,080 - 5,312/sq. ft.",-,-,-
196,Geeta Nagar,"Rs. 7,225 - 8,202/sq. ft.","Rs. 9,350 - 11,050",-,-
197,Ghodev,"Rs. 7,098 - 8,372/sq. ft.",-,-,-
198,Gokul Township,"Rs. 4,548 - 5,100/sq. ft.","Rs. 5,324 - 6,212",-,-
199,Golani Naka,"Rs. 4,802 - 5,312/sq. ft.",-,-,-
200,Hatkesh Udhog Nagar,"Rs. 7,225 - 7,990/sq. ft.","Rs. 10,285 - 12,155","Rs. 14,050 - 16,269",-
201,Indralok Phase 2,"Rs. 7,650 - 8,840/sq. ft.",-,-,-
202,Indralok Phase 3,"Rs. 7,905 - 8,882/sq. ft.",-,-,-
203,Indralok Phase 4,"Rs. 7,990 - 8,288/sq. ft.",-,-,-
204,Juchandra,"Rs. 3,995 - 4,590/sq. ft.","Rs. 4,675 - 5,100",-,-
205,Kanakia Park,"Rs. 7,480 - 8,372/sq. ft.","Rs. 10,752 - 11,688","Rs. 14,297 - 16,442",-
206,Kashigaon,"Rs. 7,352 - 8,798/sq. ft.",-,-,-
207,Kashimira,"Rs. 6,928 - 8,542/sq. ft.","Rs. 11,954 - 13,947","Rs. 14,244 - 15,601",-
208,Lakshmiben Chedda Nagar,"Rs. 4,420 - 5,142/sq. ft.",-,-,-
209,Mahajan Wadi,"Rs. 7,692 - 10,498/sq. ft.",-,"Rs. 16,456 - 20,196",-
210,Manickpur,"Rs. 5,312 - 6,078/sq. ft.",-,-,-
211,Medetiya Nagar,"Rs. 7,650 - 8,245/sq. ft.",-,-,-
212,Mira Bhayandar,"Rs. 7,778 - 8,925/sq. ft.","Rs. 10,948 - 12,376","Rs. 15,190 - 16,637","Rs. 15,827 - 18,201"
213,Miragaon,"Rs. 7,438 - 7,820/sq. ft.",-,-,-
214,Mira Road,"Rs. 7,735 - 8,628/sq. ft.","Rs. 10,397 - 11,815","Rs. 14,739 - 17,687","Rs. 19,653 - 21,525"
215,Mira Road East,"Rs. 7,735 - 8,585/sq. ft.","Rs. 10,528 - 11,964","Rs. 14,858 - 17,830","Rs. 20,081 - 21,994"
216,Morya Nagar,"Rs. 3,825 - 4,165/sq. ft.","Rs. 4,797 - 5,233",-,-
217,Naigaon (East),"Rs. 4,505 - 5,228/sq. ft.","Rs. 4,570 - 5,331","Rs. 6,162 - 7,395",-
218,Naigaon (West),"Rs. 3,825 - 4,250/sq. ft.","Rs. 4,797 - 5,233",-,-
219,Nalasopara (West),"Rs. 3,825 - 4,292/sq. ft.","Rs. 4,675 - 5,100","Rs. 5,692 - 7,589",-
220,Nalasopara East,"Rs. 3,910 - 4,632/sq. ft.","Rs. 4,712 - 5,569",-,-
221,Nallasopara,"Rs. 3,825 - 4,420/sq. ft.","Rs. 4,675 - 5,100","Rs. 6,452 - 8,387",-
222,Naringi,"Rs. 3,102 - 4,122/sq. ft.",-,-,-
223,Navghar Gaon,"Rs. 7,055 - 7,565/sq. ft.",-,-,-
224,Navghar Naka,"Rs. 6,588 - 7,862/sq. ft.",-,-,-
225,Naya Nagar,"Rs. 7,310 - 8,288/sq. ft.","Rs. 11,220 - 13,558",-,-
226,Nilemore,"Rs. 3,825 - 4,250/sq. ft.","Rs. 4,610 - 5,448",-,-
227,Poonam Gardens,"Rs. 8,585 - 9,562/sq. ft.","Rs. 12,431 - 12,928","Rs. 17,400 - 18,156",-
228,Poonam Sagar Complex,"Rs. 9,392 - 10,072/sq. ft.","Rs. 10,970 - 11,783","Rs. 15,198 - 16,464",-
229,Pragati Nagar,"Rs. 4,930 - 5,482/sq. ft.",-,-,-
230,Ramdev Park,"Rs. 7,608 - 8,288/sq. ft.","Rs. 9,464 - 11,954","Rs. 11,888 - 15,190",-
231,Sector-9 Shanti Nagar,"Rs. 7,395 - 8,585/sq. ft.",-,-,-
232,Shanti Nagar,"Rs. 7,948 - 8,925/sq. ft.","Rs. 8,119 - 9,134",-,-
233,Shanti Park,"Rs. 8,458 - 9,775/sq. ft.","Rs. 10,817 - 12,878",-,-
234,Sheetal Nagar,"Rs. 7,522 - 8,968/sq. ft.","Rs. 10,282 - 11,138","Rs. 13,464 - 14,688",-
235,Shrishti,-,"Rs. 10,625 - 11,050","Rs. 17,478 - 18,998",-
236,Sriprastha,"Rs. 3,868 - 4,802/sq. ft.",-,-,-
237,Suyog Nagar,"Rs. 6,035 - 6,502/sq. ft.",-,-,-
238,Tirupati Nagar,"Rs. 5,058 - 5,822/sq. ft.",-,-,-
239,Umelman,"Rs. 5,610 - 6,418/sq. ft.",-,-,-
240,Vasai,"Rs. 4,972 - 5,695/sq. ft.","Rs. 6,545 - 7,948","Rs. 10,200 - 11,560",-
241,Vasai East,"Rs. 4,888 - 5,355/sq. ft.","Rs. 6,545 - 7,012","Rs. 10,200 - 10,880",-
242,Vasai West,"Rs. 5,652 - 6,588/sq. ft.","Rs. 7,194 - 8,543","Rs. 10,838 - 13,728","Rs. 10,208 - 16,334"
243,Vasant Nagari,"Rs. 4,760 - 5,440/sq. ft.",-,-,-
244,Vijay Park,"Rs. 8,415 - 8,925/sq. ft.","Rs. 9,724 - 11,934",-,-
245,Vinay Nagar,"Rs. 7,480 - 8,288/sq. ft.","Rs. 11,144 - 13,082","Rs. 16,031 - 19,516",-
246,Virar,"Rs. 4,335 - 4,930/sq. ft.","Rs. 5,105 - 6,033","Rs. 6,672 - 7,340","Rs. 7,459 - 9,116"
247,Virar East,"Rs. 3,655 - 4,462/sq. ft.","Rs. 3,816 - 4,961",-,-
248,Virar West,"Rs. 4,378 - 4,972/sq. ft.","Rs. 5,105 - 6,033","Rs. 6,672 - 7,340","Rs. 7,459 - 9,116"
249,Virat Nagar,"Rs. 5,058 - 5,865/sq. ft.",-,-,-
250,Y K Nagar,"Rs. 5,015 - 5,482/sq. ft.","Rs. 6,188 - 7,140","Rs. 7,863 - 9,293",-
251,4 Bunglows,"Rs. 21,548 - 25,628/sq. ft.","Rs. 27,582 - 32,258","Rs. 49,300 - 56,100",-
252,Aarey Milk Colony,"Rs. 7,182 - 8,118/sq. ft.","Rs. 16,034 - 18,261","Rs. 19,671 - 24,419","Rs. 24,868 - 29,012"
253,Ajit Nagar,-,"Rs. 22,984 - 27,846","Rs. 29,580 - 38,824",-
254,Akurli Nagar,"Rs. 18,232 - 18,658/sq. ft.",-,"Rs. 32,487 - 35,819",-
255,Alika Nagar,"Rs. 14,408 - 15,980/sq. ft.","Rs. 13,940 - 15,300","Rs. 26,982 - 29,594","Rs. 29,631 - 31,748"
256,Amboli,"Rs. 16,872 - 20,358/sq. ft.","Rs. 21,420 - 25,245","Rs. 38,378 - 46,053","Rs. 53,137 - 60,068"
257,Andheri (East),"Rs. 15,385 - 18,232/sq. ft.","Rs. 24,310 - 28,050","Rs. 36,914 - 42,412","Rs. 51,245 - 58,718"
258,Andheri (West),"Rs. 20,230 - 24,990/sq. ft.","Rs. 27,582 - 33,192","Rs. 44,132 - 52,156","Rs. 67,830 - 89,250"
259,Andheri MIDC,"Rs. 14,748 - 17,128/sq. ft.","Rs. 13,568 - 17,697","Rs. 37,952 - 40,989",-
260,Aram Nagar,"Rs. 25,032 - 29,070/sq. ft.",-,"Rs. 47,287 - 52,714",-
261,Asha Nagar,"Rs. 15,088 - 16,702/sq. ft.","Rs. 17,425 - 19,550","Rs. 26,653 - 30,354",-
262,Ashok Nagar Kandivali,"Rs. 16,320 - 18,955/sq. ft.","Rs. 15,895 - 17,765",-,-
263,Azad Nagar,"Rs. 17,000 - 19,762/sq. ft.","Rs. 25,245 - 29,452","Rs. 39,448 - 44,863","Rs. 51,935 - 60,775"
264,Babhai,"Rs. 15,682 - 17,892/sq. ft.","Rs. 15,002 - 17,840",-,-
265,Bander Pakhadi,"Rs. 13,218 - 15,342/sq. ft.",-,-,-
266,Bangur Nagar,"Rs. 16,575 - 20,442/sq. ft.","Rs. 19,635 - 22,440","Rs. 30,039 - 38,734",-
267,Best Nagar,"Rs. 15,088 - 17,722/sq. ft.","Rs. 19,625 - 21,134",-,-
268,Bhagat Colony,"Rs. 14,705 - 17,000/sq. ft.",-,-,-
269,Borivali (East),"Rs. 15,172 - 17,382/sq. ft.","Rs. 15,428 - 19,168","Rs. 26,010 - 30,600","Rs. 39,046 - 46,145"
270,Borivali (West),"Rs. 15,852 - 18,232/sq. ft.","Rs. 16,150 - 18,700","Rs. 24,157 - 28,298","Rs. 32,640 - 40,800"
271,Chakala,"Rs. 18,020 - 20,910/sq. ft.","Rs. 18,576 - 22,367","Rs. 38,270 - 47,838","Rs. 59,979 - 67,803"
272,Charkop,"Rs. 12,325 - 14,068/sq. ft.","Rs. 15,895 - 17,765","Rs. 21,675 - 24,565","Rs. 27,081 - 32,096"
273,Chikuwadi,"Rs. 14,960 - 17,340/sq. ft.","Rs. 15,116 - 16,667","Rs. 26,222 - 29,583",-
274,Chincholi Bunder,"Rs. 14,535 - 16,108/sq. ft.","Rs. 22,440 - 24,310","Rs. 31,104 - 36,891","Rs. 41,990 - 51,935"
275,Chincholi Phatak,-,-,"Rs. 26,520 - 31,960",-
276,Churi Wadi,-,-,"Rs. 39,750 - 46,516",-
277,Dahanukar Wadi,"Rs. 14,620 - 15,852/sq. ft.",-,"Rs. 26,625 - 31,821",-
278,Dahisar,"Rs. 10,965 - 13,430/sq. ft.","Rs. 13,939 - 15,288","Rs. 18,337 - 21,733","Rs. 29,155 - 34,361"
279,Dahisar (East),"Rs. 10,540 - 12,750/sq. ft.","Rs. 13,040 - 14,838","Rs. 17,085 - 19,135","Rs. 29,155 - 29,155"
280,Dahisar (West),"Rs. 13,898 - 15,895/sq. ft.","Rs. 14,866 - 16,218","Rs. 20,816 - 22,831","Rs. 32,454 - 35,404"
281,Dattaguru Nagar,"Rs. 18,360 - 20,272/sq. ft.",-,"Rs. 41,813 - 48,246",-
282,Dattapada,"Rs. 16,872 - 19,422/sq. ft.",-,"Rs. 25,288 - 29,622",-
283,Daulat Nagar,"Rs. 14,790 - 15,938/sq. ft.",-,-,-
284,Devipada,"Rs. 13,558 - 14,875/sq. ft.",-,"Rs. 30,302 - 35,190","Rs. 35,572 - 45,900"
285,Dindoshi,"Rs. 13,940 - 16,320/sq. ft.","Rs. 21,583 - 26,275","Rs. 39,335 - 41,900","Rs. 42,281 - 51,182"
286,DN Nagar,"Rs. 20,102 - 22,142/sq. ft.","Rs. 22,100 - 26,775","Rs. 38,250 - 42,075","Rs. 66,555 - 80,325"
287,Dominic Colony,"Rs. 17,128 - 19,380/sq. ft.",-,-,-
288,Eksar,"Rs. 16,065 - 18,530/sq. ft.","Rs. 16,830 - 18,700","Rs. 22,032 - 26,163","Rs. 38,964 - 41,886"
289,Ekta Nagar,"Rs. 10,455 - 11,432/sq. ft.","Rs. 11,152 - 12,198",-,-
290,Evershine Nagar,"Rs. 14,408 - 16,490/sq. ft.","Rs. 18,924 - 20,645","Rs. 29,073 - 32,800","Rs. 34,709 - 44,917"
291,Film City Road,"Rs. 13,600 - 15,428/sq. ft.","Rs. 21,505 - 25,245","Rs. 34,000 - 37,400","Rs. 46,750 - 56,100"
292,Gilbert Hill,"Rs. 14,110 - 16,108/sq. ft.",-,"Rs. 35,198 - 40,109",-
293,Gokuldham,"Rs. 13,600 - 15,938/sq. ft.","Rs. 21,038 - 23,842","Rs. 31,977 - 37,026","Rs. 51,518 - 65,076"
294,Gokuldham Colony,"Rs. 15,640 - 18,828/sq. ft.",-,"Rs. 37,537 - 41,029",-
295,Gokul Heven,-,"Rs. 17,986 - 19,335",-,-
296,Gorai,"Rs. 13,472 - 15,428/sq. ft.",-,-,-
297,Gorai 2,"Rs. 12,962 - 14,960/sq. ft.",-,-,-
298,Goregaon (East),"Rs. 14,662 - 18,062/sq. ft.","Rs. 19,737 - 23,409","Rs. 32,300 - 37,952","Rs. 65,280 - 78,880"
299,Goregaon (West),"Rs. 15,045 - 17,808/sq. ft.","Rs. 20,570 - 24,310","Rs. 33,735 - 39,102","Rs. 48,620 - 57,460"
300,Govind Nagar,"Rs. 14,790 - 17,000/sq. ft.",-,-,-
301,Gundavali Gaothan,"Rs. 15,045 - 17,170/sq. ft.",-,-,-
302,Hanuman Nagar,"Rs. 12,368 - 14,748/sq. ft.",-,-,-
303,Hemu Colony,"Rs. 14,408 - 15,428/sq. ft.",-,-,-
304,Huzefa Nagar,"Rs. 15,172 - 17,680/sq. ft.",-,"Rs. 23,842 - 26,010",-
305,I C Colony,"Rs. 15,385 - 17,000/sq. ft.","Rs. 13,872 - 16,040","Rs. 22,398 - 26,010","Rs. 28,326 - 32,895"
306,Irani Wadi,"Rs. 14,662 - 16,405/sq. ft.","Rs. 17,654 - 19,296",-,-
307,Jankalyan Nagar,"Rs. 12,240 - 13,982/sq. ft.","Rs. 16,830 - 19,168","Rs. 24,067 - 27,713","Rs. 31,117 - 33,062"
308,Jawahar Nagar,"Rs. 14,662 - 17,042/sq. ft.","Rs. 18,778 - 22,355","Rs. 30,067 - 33,922","Rs. 37,520 - 45,632"
309,Jay Prakash Nagar,"Rs. 16,702 - 18,998/sq. ft.","Rs. 15,342 - 20,188","Rs. 31,238 - 33,469","Rs. 39,971 - 44,412"
310,J B Nagar,"Rs. 16,022 - 19,338/sq. ft.","Rs. 24,749 - 27,309","Rs. 36,125 - 43,350","Rs. 54,060 - 56,100"
311,Jeevan Nagar,-,-,"Rs. 40,906 - 46,856",-
312,Jogeshwari (East),"Rs. 20,782 - 24,395/sq. ft.","Rs. 20,808 - 24,072","Rs. 31,790 - 37,570","Rs. 61,962 - 67,510"
313,Jogeshwari (West),"Rs. 14,960 - 17,298/sq. ft.","Rs. 21,857 - 25,183","Rs. 33,808 - 37,833","Rs. 47,116 - 51,212"
314,Juhu Lane,-,"Rs. 27,200 - 29,750","Rs. 46,367 - 60,195",-
315,JVLR,"Rs. 15,640 - 18,700/sq. ft.","Rs. 21,372 - 23,886","Rs. 38,818 - 44,363","Rs. 50,167 - 54,026"
316,Kajupada,"Rs. 10,370 - 12,495/sq. ft.",-,-,-
317,Kanakiya,-,-,"Rs. 28,458 - 32,727",-
318,Kanchpada,-,"Rs. 18,597 - 22,889",-,"Rs. 58,943 - 68,112"
319,Kandarpada,"Rs. 13,728 - 15,172/sq. ft.","Rs. 14,470 - 15,827","Rs. 19,921 - 21,206",-
320,Kandivali (East),"Rs. 14,492 - 16,745/sq. ft.","Rs. 16,807 - 18,962","Rs. 24,854 - 29,240","Rs. 31,620 - 37,740"
321,Kandivali (West),"Rs. 13,260 - 16,150/sq. ft.","Rs. 16,214 - 19,456","Rs. 24,347 - 28,774","Rs. 36,720 - 42,840"
322,Kanti Nagar,-,"Rs. 25,024 - 27,761",-,-
323,Kasam Baug,"Rs. 14,450 - 16,320/sq. ft.",-,"Rs. 31,858 - 37,433","Rs. 43,637 - 50,527"
324,Kastur Park,"Rs. 17,000 - 19,508/sq. ft.",-,-,-
325,Ketkipada,"Rs. 8,118 - 10,030/sq. ft.",-,-,-
326,Kharodi,-,-,"Rs. 21,243 - 22,571",-
327,Koldongri,"Rs. 21,632 - 25,118/sq. ft.","Rs. 27,854 - 33,137",-,-
328,Kulupwadi,"Rs. 16,235 - 19,338/sq. ft.","Rs. 18,017 - 18,896","Rs. 25,823 - 30,988",-
329,Kurar Village,"Rs. 10,710 - 11,942/sq. ft.","Rs. 16,218 - 19,372",-,-
330,Liberty Garden,"Rs. 15,768 - 18,148/sq. ft.","Rs. 20,774 - 22,542","Rs. 25,160 - 32,708",-
331,LIC Colony,"Rs. 14,790 - 16,490/sq. ft.",-,-,-
332,Link Road,"Rs. 16,872 - 22,482/sq. ft.","Rs. 22,131 - 25,979",-,-
333,Lokhandwala Andheri West,"Rs. 21,038 - 24,905/sq. ft.","Rs. 31,059 - 36,975","Rs. 46,028 - 54,102","Rs. 67,830 - 80,920"
334,Lokhandwala Kandivali East,"Rs. 13,218 - 14,578/sq. ft.","Rs. 16,085 - 18,202","Rs. 25,059 - 27,484","Rs. 29,631 - 31,748"
335,Madh,"Rs. 14,620 - 16,235/sq. ft.",-,-,-
336,Mahakali Caves,"Rs. 15,682 - 17,765/sq. ft.","Rs. 23,328 - 25,873","Rs. 32,092 - 37,084",-
337,Maharashtra Nagar,"Rs. 15,385 - 15,980/sq. ft.","Rs. 18,829 - 19,795","Rs. 27,601 - 29,901",-
338,Mahavir Nagar,"Rs. 16,915 - 19,295/sq. ft.","Rs. 19,074 - 20,374","Rs. 31,086 - 34,119","Rs. 42,873 - 45,864"
339,Mahesh Nagar,"Rs. 20,740 - 22,950/sq. ft.",-,"Rs. 45,486 - 54,737","Rs. 58,426 - 65,729"
340,Malad (East),"Rs. 13,642 - 16,022/sq. ft.","Rs. 18,850 - 23,786","Rs. 34,989 - 39,256","Rs. 44,890 - 52,372"
341,Malad (West),"Rs. 14,280 - 17,000/sq. ft.","Rs. 18,680 - 22,324","Rs. 31,916 - 37,235","Rs. 42,947 - 51,128"
342,Malvani,-,"Rs. 14,657 - 18,729","Rs. 31,702 - 35,476",-
343,Mamletdar Wadi,-,"Rs. 17,139 - 20,056",-,-
344,Marol,"Rs. 15,385 - 17,638/sq. ft.","Rs. 26,670 - 30,695","Rs. 37,145 - 43,605","Rs. 53,040 - 60,775"
345,Marve Road,"Rs. 14,195 - 17,468/sq. ft.","Rs. 16,277 - 20,450","Rs. 32,456 - 36,985",-
346,Milat Nagar,"Rs. 23,248 - 26,350/sq. ft.",-,"Rs. 45,570 - 52,581","Rs. 69,062 - 73,312"
347,Mindspace,"Rs. 17,340 - 19,848/sq. ft.","Rs. 22,532 - 23,970","Rs. 39,658 - 43,789","Rs. 51,447 - 57,271"
348,Mitha Nagar,"Rs. 14,705 - 16,278/sq. ft.",-,"Rs. 29,758 - 33,726",-
349,Motilal Nagar I,"Rs. 14,578 - 14,578/sq. ft.",-,-,-
350,Motilal Nagar II,"Rs. 14,280 - 15,640/sq. ft.","Rs. 24,619 - 26,040","Rs. 31,238 - 33,788","Rs. 33,466 - 35,435"
351,Mulji Nagar,-,"Rs. 15,717 - 16,867",-,-
352,Natwar Nagar,"Rs. 16,320 - 18,615/sq. ft.",-,-,-
353,Navneeth Colony,-,-,"Rs. 42,412 - 45,553",-
354,Navy Colony,"Rs. 15,002 - 17,042/sq. ft.","Rs. 22,052 - 23,491",-,-
355,Nensey Colony,"Rs. 14,748 - 17,298/sq. ft.","Rs. 14,960 - 15,895","Rs. 22,950 - 26,775",-
356,Nl Complex,"Rs. 13,472 - 14,662/sq. ft.","Rs. 13,544 - 15,292",-,-
357,Orlem,"Rs. 15,258 - 17,000/sq. ft.","Rs. 17,251 - 19,775","Rs. 26,224 - 29,866",-
358,Oshiwara,"Rs. 16,235 - 20,782/sq. ft.","Rs. 20,358 - 23,208","Rs. 39,942 - 49,724","Rs. 64,090 - 87,508"
359,Pandurang Wadi,"Rs. 15,470 - 17,680/sq. ft.","Rs. 20,311 - 22,568","Rs. 28,050 - 31,238",-
360,Patel Nagar,"Rs. 15,342 - 17,850/sq. ft.",-,-,-
361,Pimpripada,-,-,"Rs. 28,036 - 30,250",-
362,Poonam Nagar,-,"Rs. 21,025 - 23,498","Rs. 34,354 - 38,648",-
363,Pushpa Park,"Rs. 14,875 - 16,660/sq. ft.",-,-,-
364,Raheja Estate,"Rs. 16,448 - 19,848/sq. ft.",-,-,-
365,Rajan Pada,-,-,"Rs. 35,620 - 38,718",-
366,Rajendra Nagar,"Rs. 16,490 - 18,870/sq. ft.",-,"Rs. 25,585 - 28,509",-
367,Raje Shivaji Nagar,"Rs. 14,620 - 15,980/sq. ft.","Rs. 23,800 - 25,925","Rs. 33,861 - 38,277",-
368,Ratan Nagar,-,"Rs. 26,648 - 30,388","Rs. 37,188 - 41,650",-
369,Rawalpada,"Rs. 11,092 - 12,962/sq. ft.","Rs. 13,597 - 15,351","Rs. 18,192 - 20,701",-
370,Safed Pul,-,-,"Rs. 32,445 - 38,776",-
371,Saibaba Nagar,"Rs. 15,385 - 18,488/sq. ft.","Rs. 14,858 - 16,422",-,-
372,Sai Wadi,"Rs. 20,910 - 22,228/sq. ft.",-,-,-
373,Sakinaka,"Rs. 13,175 - 15,258/sq. ft.","Rs. 24,990 - 29,070","Rs. 36,567 - 42,255","Rs. 49,123 - 54,835"
374,Saki Vihar,-,"Rs. 23,106 - 28,995",-,-
375,Samta Nagar,"Rs. 12,070 - 14,365/sq. ft.",-,"Rs. 20,936 - 20,936",-
376,Sankalp Colony,"Rs. 16,915 - 18,190/sq. ft.","Rs. 24,786 - 28,917",-,-
377,Satya Nagar,"Rs. 14,960 - 17,680/sq. ft.","Rs. 16,484 - 18,494",-,-
378,Sector-8 Charkop,"Rs. 12,112 - 13,302/sq. ft.","Rs. 16,362 - 17,298","Rs. 21,739 - 23,141",-
379,Sector-9 Charkop,"Rs. 11,390 - 12,325/sq. ft.","Rs. 15,020 - 16,958","Rs. 20,583 - 22,712",-
380,Sector 1 Charkop,"Rs. 13,048 - 14,705/sq. ft.","Rs. 14,492 - 17,298",-,-
381,Sector 2 Charkop,"Rs. 11,942 - 13,728/sq. ft.","Rs. 15,286 - 18,153","Rs. 20,558 - 22,685",-
382,Sector 3 Charkop,"Rs. 13,132 - 15,130/sq. ft.","Rs. 14,845 - 17,390","Rs. 20,135 - 23,011",-
383,Sector 5 Charkop,"Rs. 12,792 - 14,535/sq. ft.",-,"Rs. 22,398 - 24,565",-
384,Sector 6 Charkop,"Rs. 12,792 - 13,728/sq. ft.",-,-,-
385,Seven Bunglow,"Rs. 22,100 - 25,542/sq. ft.","Rs. 33,079 - 36,434","Rs. 45,553 - 54,193","Rs. 59,670 - 71,825"
386,Shankar Pada,"Rs. 16,958 - 19,762/sq. ft.",-,-,-
387,Shanti Nagar,"Rs. 13,048 - 15,428/sq. ft.",-,-,-
388,Shantivan Complex Colony,-,-,"Rs. 22,185 - 25,245",-
389,Shastri Nagar,"Rs. 23,162 - 25,882/sq. ft.","Rs. 29,070 - 36,720","Rs. 44,719 - 51,780","Rs. 80,057 - 97,300"
390,Sher E Punjab Colony,"Rs. 14,748 - 17,000/sq. ft.","Rs. 21,845 - 24,466","Rs. 31,790 - 33,958","Rs. 42,711 - 49,506"
391,Shimpoli,"Rs. 16,532 - 17,808/sq. ft.","Rs. 18,700 - 20,570","Rs. 25,764 - 29,444",-
392,Shivaji Nagar,"Rs. 16,618 - 18,062/sq. ft.",-,-,-
393,Siddharth Nagar,"Rs. 13,175 - 15,258/sq. ft.","Rs. 18,784 - 21,075","Rs. 30,394 - 33,594","Rs. 36,506 - 45,632"
394,Somwari Bazar,"Rs. 14,492 - 16,405/sq. ft.",-,-,-
395,Subhash Nagar,"Rs. 15,810 - 17,298/sq. ft.","Rs. 26,918 - 27,846","Rs. 31,862 - 33,278",-
396,Sunder Nagar,"Rs. 17,552 - 20,315/sq. ft.","Rs. 25,814 - 27,275","Rs. 30,775 - 32,206",-
397,Sundervan Complex,"Rs. 22,398 - 25,968/sq. ft.","Rs. 31,620 - 33,660","Rs. 45,815 - 61,642",-
398,Suresh Nagar,-,"Rs. 25,888 - 32,120","Rs. 36,544 - 40,843",-
399,SV Patel Nagar,"Rs. 17,212 - 19,635/sq. ft.",-,"Rs. 43,653 - 52,714","Rs. 54,315 - 60,833"
400,Tarun Bharat Nagar,-,"Rs. 23,426 - 29,172",-,-
401,Thakur Complex,"Rs. 13,642 - 15,215/sq. ft.","Rs. 16,291 - 18,493","Rs. 26,732 - 30,345","Rs. 34,425 - 43,605"
402,Thakur Village,"Rs. 15,598 - 17,680/sq. ft.","Rs. 18,600 - 20,814","Rs. 27,358 - 31,678","Rs. 34,332 - 38,255"
403,Umershetpada,-,"Rs. 25,152 - 26,981",-,-
404,Upper Govind Nagar,"Rs. 15,215 - 16,320/sq. ft.","Rs. 21,658 - 24,752","Rs. 31,450 - 36,550","Rs. 37,628 - 45,375"
405,Ushma Nagar,"Rs. 17,978 - 18,190/sq. ft.",-,-,"Rs. 40,356 - 45,278"
406,Vaishali Nagar,"Rs. 11,220 - 12,368/sq. ft.",-,-,-
407,Vazira,"Rs. 16,192 - 18,742/sq. ft.",-,"Rs. 22,603 - 27,548",-
408,Veera Desai Road,"Rs. 17,808 - 19,508/sq. ft.","Rs. 27,115 - 30,855","Rs. 42,595 - 47,328","Rs. 48,396 - 57,195"
409,Versova,"Rs. 21,802 - 25,968/sq. ft.","Rs. 30,042 - 35,764","Rs. 46,687 - 57,151","Rs. 63,250 - 77,306"
410,Vijay Nagar,-,"Rs. 21,094 - 24,449",-,-
411,Vishveshwar Nagar,-,"Rs. 22,074 - 24,990","Rs. 43,630 - 45,135",-
412,Yadav Nagar,-,"Rs. 27,200 - 29,750","Rs. 46,367 - 60,195",-
413,Yamuna Nagar,"Rs. 21,250 - 22,525/sq. ft.",-,"Rs. 43,658 - 48,668","Rs. 65,306 - 81,381"
414,Yari Road,"Rs. 18,530 - 23,375/sq. ft.","Rs. 28,050 - 36,210","Rs. 42,798 - 50,872","Rs. 68,510 - 81,685"
415,Yashodham,-,"Rs. 20,400 - 23,800","Rs. 31,725 - 39,103","Rs. 47,515 - 59,670"
416,Yogi Nagar,"Rs. 16,660 - 18,828/sq. ft.","Rs. 17,404 - 20,974",-,-
417,Bandra (East),"Rs. 24,778 - 31,195/sq. ft.",-,"Rs. 62,583 - 72,279","Rs. 1,07,686 - 1,31,325"
418,Bandra (West),"Rs. 32,980 - 39,695/sq. ft.","Rs. 46,410 - 55,080","Rs. 68,000 - 83,300","Rs. 1,07,440 - 1,42,800"
419,Bandra Kurla Complex,"Rs. 23,928 - 27,328/sq. ft.",-,"Rs. 71,537 - 82,685","Rs. 95,051 - 1,11,527"
420,Band Stand,-,"Rs. 44,200 - 49,300","Rs. 66,938 - 77,648","Rs. 1,07,528 - 1,36,971"
421,Chuim,-,-,"Rs. 79,475 - 92,480",-
422,Gandhi Nagar,"Rs. 30,345 - 31,918/sq. ft.",-,-,"Rs. 1,47,084 - 1,55,652"
423,Gulmohar Colony,"Rs. 35,062 - 39,440/sq. ft.",-,-,"Rs. 99,008 - 1,21,856"
424,Hill Road,-,"Rs. 38,556 - 49,028","Rs. 66,619 - 73,725",-
425,Juhu,"Rs. 35,360 - 41,608/sq. ft.","Rs. 38,250 - 47,430","Rs. 66,509 - 85,394","Rs. 1,21,558 - 1,49,922"
426,Juhu Scheme,"Rs. 36,168 - 39,440/sq. ft.","Rs. 35,190 - 42,228","Rs. 67,320 - 76,500","Rs. 1,22,645 - 1,55,861"
427,Jvpd Scheme,"Rs. 35,615 - 41,480/sq. ft.",-,-,"Rs. 1,61,519 - 1,99,426"
428,Kala Nagar,-,-,"Rs. 42,589 - 54,979","Rs. 88,145 - 1,19,255"
429,Kalina,"Rs. 17,468 - 20,868/sq. ft.","Rs. 27,115 - 31,552","Rs. 40,460 - 48,408","Rs. 59,528 - 67,600"
430,Khar,"Rs. 33,448 - 38,165/sq. ft.","Rs. 42,330 - 50,490","Rs. 69,700 - 85,000","Rs. 1,05,332 - 1,32,982"
431,Khar West,"Rs. 33,490 - 37,995/sq. ft.","Rs. 40,800 - 48,450","Rs. 70,550 - 85,000","Rs. 1,05,332 - 1,32,982"
432,Kherwadi,-,-,"Rs. 49,980 - 59,976",-
433,Mahim (West),"Rs. 25,118 - 30,982/sq. ft.","Rs. 34,595 - 38,802","Rs. 54,145 - 64,141",-
434,Mount Mary,-,"Rs. 56,100 - 72,420",-,-
435,Pali Hill,"Rs. 32,342 - 40,715/sq. ft.","Rs. 51,000 - 60,180","Rs. 69,700 - 91,800","Rs. 1,21,125 - 1,51,725"
436,Reclamation,-,"Rs. 46,410 - 52,530",-,-
437,Santacruz (East),"Rs. 18,488 - 20,698/sq. ft.","Rs. 26,180 - 29,452","Rs. 40,460 - 46,962","Rs. 62,688 - 71,188"
438,Santacruz (West),"Rs. 28,942 - 35,700/sq. ft.","Rs. 34,680 - 42,840","Rs. 59,479 - 71,374","Rs. 99,450 - 1,21,125"
439,Sunder Nagar,-,"Rs. 31,788 - 38,238",-,-
440,Union Park,-,-,"Rs. 63,750 - 77,350",-
441,Vakola,"Rs. 18,615 - 20,102/sq. ft.","Rs. 25,245 - 30,855","Rs. 40,698 - 48,552","Rs. 63,139 - 72,770"
442,Vidya Nagari,-,"Rs. 29,723 - 34,037","Rs. 40,266 - 51,107",-
443,Vile Parle (East),"Rs. 25,160 - 28,985/sq. ft.","Rs. 32,258 - 36,168","Rs. 47,685 - 54,910","Rs. 66,576 - 76,819"
444,Vile Parle (West),"Rs. 28,560 - 32,895/sq. ft.","Rs. 30,388 - 35,530","Rs. 54,544 - 63,240","Rs. 83,776 - 94,248"
445,Waterfield Road,-,-,"Rs. 65,056 - 81,320",-
446,Amar Nagar,-,"Rs. 17,503 - 19,934",-,-
447,Ambedkar Nagar,"Rs. 14,620 - 16,660/sq. ft.","Rs. 19,385 - 29,078","Rs. 35,593 - 40,678","Rs. 40,162 - 49,931"
448,Amrut Nagar,"Rs. 14,365 - 15,470/sq. ft.","Rs. 19,627 - 22,822","Rs. 39,589 - 46,627","Rs. 46,492 - 50,816"
449,Antop Hill,"Rs. 19,210 - 21,462/sq. ft.",-,-,-
450,Asha Nagar,"Rs. 15,980 - 17,978/sq. ft.","Rs. 18,232 - 19,635","Rs. 29,750 - 32,725",-
451,Battipada,-,"Rs. 16,575 - 17,850","Rs. 20,442 - 23,758",-
452,Bhandup (East),"Rs. 13,260 - 15,258/sq. ft.","Rs. 18,700 - 21,972","Rs. 35,700 - 40,162","Rs. 48,620 - 54,698"
453,Bhandup (West),"Rs. 12,155 - 14,152/sq. ft.","Rs. 19,686 - 22,147","Rs. 28,886 - 32,898","Rs. 40,672 - 45,602"
454,BSNL Colony,-,-,"Rs. 36,679 - 38,208",-
455,Chandivali,"Rs. 15,342 - 17,042/sq. ft.","Rs. 24,310 - 28,050","Rs. 40,637 - 44,870","Rs. 54,740 - 60,690"
456,Chunabhatti,-,"Rs. 21,038 - 23,375","Rs. 34,850 - 38,250",-
457,Chunabhatti East,-,"Rs. 21,250 - 25,500","Rs. 29,452 - 32,258",-
458,Datar Colony,"Rs. 12,962 - 13,515/sq. ft.","Rs. 17,140 - 18,993",-,-
459,Deendayal Nagar,-,-,"Rs. 25,160 - 27,200",-
460,Dina Bama Estate,"Rs. 15,342 - 16,490/sq. ft.","Rs. 22,147 - 24,608","Rs. 28,144 - 30,762",-
461,Friends Colony,"Rs. 11,688 - 13,982/sq. ft.","Rs. 15,750 - 17,140",-,-
462,Ganesh Nagar,"Rs. 13,302 - 14,578/sq. ft.","Rs. 20,248 - 23,211","Rs. 31,178 - 35,075","Rs. 34,680 - 36,720"
463,Garodia Nagar,"Rs. 17,000 - 20,400/sq. ft.","Rs. 22,552 - 24,602","Rs. 29,750 - 36,444",-
464,Gavanpada,"Rs. 13,388 - 15,088/sq. ft.","Rs. 17,769 - 20,170",-,-
465,Ghatkopar (East),"Rs. 15,810 - 20,442/sq. ft.","Rs. 21,420 - 24,990","Rs. 35,726 - 41,283","Rs. 54,740 - 63,070"
466,Ghatkopar West,"Rs. 15,045 - 17,510/sq. ft.","Rs. 20,285 - 23,116","Rs. 39,015 - 44,217","Rs. 57,242 - 62,220"
467,Govind Nagar,"Rs. 14,110 - 16,320/sq. ft.","Rs. 21,373 - 21,828","Rs. 27,843 - 30,773",-
468,Hallow Pul,-,"Rs. 19,283 - 21,820",-,-
469,Hanuman Chowk,"Rs. 15,300 - 17,085/sq. ft.","Rs. 17,986 - 19,335",-,-
470,Hira Nagar,-,-,"Rs. 31,238 - 36,592",-
471,Hiranandani Gardens - Powai,"Rs. 23,885 - 28,645/sq. ft.","Rs. 36,356 - 44,217","Rs. 54,400 - 66,300","Rs. 85,922 - 1,08,337"
472,HMPL Surya Nagar,-,-,"Rs. 35,955 - 39,780",-
473,Industrial Area,"Rs. 12,665 - 13,770/sq. ft.","Rs. 19,747 - 21,991",-,-
474,Jagdusha Nagar,"Rs. 12,580 - 15,258/sq. ft.","Rs. 18,819 - 20,655","Rs. 22,542 - 25,432",-
475,Jaydev Singh Nagar,"Rs. 11,942 - 14,280/sq. ft.","Rs. 22,374 - 23,465",-,-
476,Kanjur Marg (East),"Rs. 13,302 - 15,342/sq. ft.","Rs. 19,168 - 22,908","Rs. 37,556 - 41,133","Rs. 48,620 - 54,698"
477,Kanjur Marg (west),"Rs. 14,068 - 16,192/sq. ft.","Rs. 21,693 - 28,155","Rs. 33,808 - 38,638","Rs. 40,504 - 49,031"
478,Kannamwar Nagar I,-,"Rs. 15,002 - 16,623",-,-
479,Kannamwar Nagar II,"Rs. 12,878 - 14,365/sq. ft.","Rs. 17,926 - 19,342",-,-
480,Kokan Nagar,-,"Rs. 14,875 - 16,150",-,-
481,Kurla (East),"Rs. 12,920 - 14,918/sq. ft.","Rs. 19,655 - 23,491","Rs. 26,010 - 35,190",-
482,Kurla (west),"Rs. 13,642 - 16,448/sq. ft.","Rs. 20,318 - 25,273","Rs. 35,190 - 41,446","Rs. 57,005 - 62,594"
483,LBS Marg,"Rs. 12,962 - 15,428/sq. ft.","Rs. 20,736 - 23,770","Rs. 31,028 - 35,006","Rs. 40,200 - 42,565"
484,Lok Milan Colony,"Rs. 16,532 - 18,488/sq. ft.","Rs. 24,556 - 28,194","Rs. 45,140 - 50,250","Rs. 55,930 - 65,450"
485,Mhada Colony,"Rs. 13,132 - 15,130/sq. ft.",-,-,-
486,Mirashi Nagar,-,"Rs. 17,503 - 21,481",-,-
487,Moti Nagar,"Rs. 16,108 - 17,850/sq. ft.",-,"Rs. 28,382 - 33,112",-
488,Mulund,"Rs. 14,110 - 16,448/sq. ft.","Rs. 17,830 - 20,645","Rs. 28,305 - 32,130","Rs. 38,177 - 43,791"
489,Mulund (East),"Rs. 14,025 - 16,320/sq. ft.","Rs. 18,730 - 21,131","Rs. 25,789 - 29,971","Rs. 33,660 - 40,205"
490,Mulund (West),"Rs. 14,152 - 16,532/sq. ft.","Rs. 17,765 - 20,570","Rs. 29,716 - 33,626","Rs. 38,755 - 44,454"
491,Mulund Colony,"Rs. 14,110 - 17,042/sq. ft.","Rs. 15,895 - 19,168","Rs. 23,651 - 29,057",-
492,Nahur,"Rs. 13,472 - 15,130/sq. ft.","Rs. 17,850 - 18,870","Rs. 32,640 - 35,088","Rs. 39,738 - 49,088"
493,Nahur East,"Rs. 11,858 - 13,388/sq. ft.",-,"Rs. 24,276 - 27,132",-
494,Nahur Gaothan,"Rs. 12,920 - 14,960/sq. ft.",-,-,-
495,Naidu Colony,"Rs. 16,235 - 18,488/sq. ft.",-,-,-
496,Navghar,"Rs. 14,832 - 16,618/sq. ft.","Rs. 18,564 - 21,658",-,-
497,Neelam Nagar,"Rs. 13,855 - 16,405/sq. ft.","Rs. 18,938 - 21,779","Rs. 27,017 - 29,788",-
498,Nehru Nagar,"Rs. 13,345 - 14,875/sq. ft.","Rs. 20,492 - 23,491","Rs. 26,444 - 33,443",-
499,Nirmal Nagar,"Rs. 15,172 - 16,320/sq. ft.",-,"Rs. 29,554 - 32,666","Rs. 37,368 - 41,764"
500,Panchkutir Ganesh Nagar,"Rs. 27,328 - 30,940/sq. ft.",-,"Rs. 54,979 - 63,497","Rs. 72,590 - 80,920"
501,Pant Nagar,"Rs. 14,790 - 18,445/sq. ft.","Rs. 18,564 - 23,324","Rs. 36,152 - 45,006",-
502,Pestom Sagar Colony,"Rs. 11,220 - 15,300/sq. ft.","Rs. 22,338 - 24,572","Rs. 30,697 - 36,207",-
503,Police Colony,-,"Rs. 18,445 - 20,230",-,-
504,Powai,"Rs. 16,830 - 20,145/sq. ft.","Rs. 26,227 - 31,472","Rs. 42,093 - 49,521","Rs. 63,291 - 80,665"
505,Pratikhsha Nagar,"Rs. 14,960 - 17,170/sq. ft.","Rs. 18,296 - 20,081","Rs. 25,882 - 26,499",-
506,Premier Colony,-,"Rs. 23,588 - 24,225",-,-
507,Raheja Vihar,"Rs. 15,895 - 17,128/sq. ft.","Rs. 25,245 - 28,050","Rs. 39,151 - 44,149","Rs. 54,825 - 58,650"
508,Rajiv Gandhi Nagar,"Rs. 12,878 - 14,068/sq. ft.","Rs. 20,178 - 22,639","Rs. 26,104 - 29,631",-
509,Sangharsh Nagar,"Rs. 11,900 - 13,898/sq. ft.","Rs. 10,710 - 16,065","Rs. 34,362 - 39,391",-
510,Sarvodaya Nagar,"Rs. 12,112 - 13,940/sq. ft.",-,-,-
511,Sarvoday Parshwanath Nagar,"Rs. 14,918 - 16,830/sq. ft.","Rs. 16,244 - 20,034",-,-
512,Siddharth Nagar,"Rs. 13,642 - 15,470/sq. ft.",-,-,-
513,Sion (East),"Rs. 17,128 - 21,760/sq. ft.","Rs. 19,560 - 23,117",-,"Rs. 39,440 - 50,532"
514,Sion (West),"Rs. 22,482 - 27,200/sq. ft.","Rs. 25,048 - 30,246","Rs. 36,890 - 45,006",-
515,Tagore Nagar,"Rs. 11,135 - 12,240/sq. ft.","Rs. 15,321 - 19,699","Rs. 26,775 - 29,750",-
516,Tambe Nagar,"Rs. 14,450 - 16,915/sq. ft.","Rs. 18,799 - 21,272","Rs. 28,121 - 32,027","Rs. 36,184 - 38,378"
517,Tata Colony,-,"Rs. 16,541 - 19,377",-,-
518,Tembhipada,"Rs. 11,135 - 12,155/sq. ft.",-,-,-
519,Tilak Nagar,"Rs. 13,558 - 15,640/sq. ft.","Rs. 18,438 - 23,048","Rs. 31,470 - 36,075","Rs. 49,266 - 52,961"
520,Tunga Village,"Rs. 14,408 - 15,598/sq. ft.","Rs. 26,489 - 27,489","Rs. 29,546 - 34,246",-
521,Vaishali Nagar,"Rs. 14,365 - 17,000/sq. ft.","Rs. 19,635 - 21,038",-,-
522,Valmiki Nagar,-,"Rs. 19,377 - 21,267","Rs. 24,929 - 26,846",-
523,Vardhman Nagar,"Rs. 17,000 - 21,802/sq. ft.",-,-,-
524,Veena Nagar,-,"Rs. 16,150 - 17,850",-,-
525,Veena Nagar Phase-II,-,"Rs. 16,150 - 19,125",-,-
526,Vidyavihar,"Rs. 19,168 - 24,522/sq. ft.",-,-,-
527,Vidya Vihar West,"Rs. 11,432 - 13,515/sq. ft.","Rs. 22,952 - 25,446",-,-
528,Vikhroli (East),-,"Rs. 27,540 - 36,720","Rs. 46,750 - 55,250","Rs. 58,306 - 73,168"
529,Vikhroli (West),"Rs. 12,325 - 14,705/sq. ft.","Rs. 24,926 - 27,859","Rs. 36,338 - 39,568","Rs. 62,879 - 70,882"
530,Adaigaon,"Rs. 4,420 - 4,930/sq. ft.",-,-,-
531,Airoli,"Rs. 9,988 - 11,518/sq. ft.","Rs. 13,779 - 16,155","Rs. 22,253 - 26,227","Rs. 31,625 - 36,310"
532,Airoli Gaothan,-,"Rs. 8,500 - 9,775",-,-
533,Akurli,"Rs. 4,505 - 5,185/sq. ft.",-,-,-
534,Belapur,"Rs. 9,222 - 11,305/sq. ft.","Rs. 10,752 - 14,025","Rs. 22,100 - 28,050",-
535,Belpada,"Rs. 9,010 - 10,285/sq. ft.","Rs. 10,752 - 11,688","Rs. 17,634 - 20,701",-
536,Bonkode,"Rs. 6,758 - 9,775/sq. ft.","Rs. 10,608 - 11,934",-,-
537,Chipale,"Rs. 4,208 - 4,972/sq. ft.",-,-,-
538,Devad,"Rs. 4,335 - 4,888/sq. ft.","Rs. 5,015 - 6,520",-,-
539,Diva Gaothan,-,"Rs. 10,404 - 12,138",-,-
540,Dronagiri,"Rs. 4,292 - 4,845/sq. ft.","Rs. 3,924 - 4,414","Rs. 7,676 - 8,443",-
541,Ghansoli,"Rs. 9,902 - 11,815/sq. ft.","Rs. 12,112 - 14,535","Rs. 23,891 - 28,315","Rs. 35,414 - 39,209"
542,Ghot,-,"Rs. 4,114 - 6,171",-,-
543,Ghotkamp Koyana Vele,"Rs. 3,740 - 4,548/sq. ft.",-,-,-
544,Harigram,"Rs. 4,378 - 4,845/sq. ft.",-,-,-
545,Jeejamata Nagar,"Rs. 11,858 - 12,708/sq. ft.",-,"Rs. 28,636 - 32,455","Rs. 35,414 - 39,209"
546,Jijamata Nagar,"Rs. 10,710 - 11,858/sq. ft.",-,"Rs. 29,228 - 34,542","Rs. 38,143 - 46,619"
547,Jui Nagar,"Rs. 8,968 - 10,795/sq. ft.","Rs. 12,155 - 15,428","Rs. 17,927 - 20,266",-
548,Kalamboli,"Rs. 6,248 - 6,970/sq. ft.","Rs. 8,704 - 8,704","Rs. 11,393 - 13,145","Rs. 13,083 - 14,090"
549,Kamothe,"Rs. 6,545 - 7,225/sq. ft.","Rs. 8,395 - 9,383","Rs. 11,733 - 13,410","Rs. 15,827 - 19,218"
550,Karade Khurd,"Rs. 2,932 - 3,698/sq. ft.",-,-,-
551,Karanjade,"Rs. 5,100 - 5,738/sq. ft.","Rs. 4,896 - 5,440",-,-
552,Karave Nagar,"Rs. 12,495 - 16,065/sq. ft.",-,"Rs. 34,700 - 42,412",-
553,Kewale,"Rs. 3,995 - 4,420/sq. ft.",-,-,-
554,Khalapur,"Rs. 7,055 - 8,585/sq. ft.","Rs. 9,180 - 10,710","Rs. 17,523 - 19,367","Rs. 20,374 - 23,970"
555,Khanda Colony,"Rs. 6,885 - 8,202/sq. ft.","Rs. 7,847 - 8,828","Rs. 11,475 - 13,770",-
556,Khandeshwar,"Rs. 7,692 - 8,330/sq. ft.","Rs. 10,761 - 11,837","Rs. 13,750 - 14,609",-
557,Kharghar,"Rs. 7,820 - 9,222/sq. ft.","Rs. 9,545 - 12,056","Rs. 17,493 - 20,992","Rs. 24,650 - 28,348"
558,Kopara,"Rs. 7,608 - 8,755/sq. ft.","Rs. 11,444 - 13,005","Rs. 17,850 - 20,528","Rs. 21,038 - 28,050"
559,Koperkhairane,"Rs. 9,435 - 11,220/sq. ft.","Rs. 13,558 - 15,895","Rs. 21,802 - 25,840","Rs. 27,816 - 34,492"
560,Kutak Bandhan,"Rs. 6,800 - 7,480/sq. ft.",-,"Rs. 12,974 - 14,596",-
561,Navade,"Rs. 4,632 - 5,440/sq. ft.",-,-,-
562,Nere,"Rs. 3,698 - 4,038/sq. ft.",-,-,-
563,Nerul,"Rs. 11,815 - 14,152/sq. ft.","Rs. 11,688 - 14,492","Rs. 24,798 - 31,639","Rs. 39,709 - 48,676"
564,Nevali,"Rs. 4,675 - 4,972/sq. ft.",-,-,-
565,New Panvel,"Rs. 5,865 - 7,140/sq. ft.","Rs. 7,637 - 8,656","Rs. 9,945 - 12,240","Rs. 16,102 - 19,122"
566,New Panvel East,"Rs. 4,122 - 5,270/sq. ft.",-,"Rs. 7,378 - 14,018",-
567,New Sector-50 Nerul,"Rs. 10,242 - 11,475/sq. ft.","Rs. 13,923 - 16,409","Rs. 21,216 - 25,296","Rs. 32,130 - 36,890"
568,Old Panvel,"Rs. 5,950 - 7,182/sq. ft.","Rs. 7,561 - 8,065","Rs. 11,459 - 14,103","Rs. 18,771 - 25,395"
569,Owe Village,"Rs. 6,332 - 7,352/sq. ft.","Rs. 7,969 - 9,562","Rs. 14,212 - 15,988",-
570,Palaspa,"Rs. 4,420 - 5,780/sq. ft.",-,-,-
571,Palaspe Phata,"Rs. 4,845 - 6,630/sq. ft.",-,"Rs. 9,690 - 10,498",-
572,Palm Beach,"Rs. 15,512 - 18,148/sq. ft.","Rs. 15,762 - 16,592","Rs. 32,897 - 37,342","Rs. 44,798 - 55,998"
573,Panvel,"Rs. 5,950 - 7,012/sq. ft.","Rs. 7,599 - 9,119","Rs. 10,818 - 13,314","Rs. 14,597 - 19,088"
574,Petali,"Rs. 4,802 - 5,398/sq. ft.","Rs. 5,100 - 5,610","Rs. 8,160 - 9,792",-
575,Phase-1 Petali,"Rs. 4,802 - 5,228/sq. ft.","Rs. 5,100 - 5,610","Rs. 8,415 - 9,256",-
576,Rabale,-,-,"Rs. 17,595 - 24,480",-
577,Ranjanpada,"Rs. 7,522 - 8,118/sq. ft.","Rs. 7,701 - 8,728",-,-
578,Rasayani,"Rs. 3,060 - 3,528/sq. ft.",-,-,-
579,Roadpali,"Rs. 6,162 - 6,672/sq. ft.","Rs. 8,160 - 8,704","Rs. 11,691 - 13,490","Rs. 18,354 - 21,178"
580,Sai Nagar,"Rs. 5,482 - 5,908/sq. ft.",-,-,-
581,Sanpada,"Rs. 12,580 - 14,705/sq. ft.","Rs. 15,895 - 18,700","Rs. 29,750 - 34,000","Rs. 40,720 - 50,301"
582,Savoli,-,"Rs. 11,156 - 12,495",-,-
583,Seawoods,"Rs. 11,178 - 13,515/sq. ft.","Rs. 12,852 - 15,708","Rs. 26,775 - 34,808","Rs. 40,842 - 48,748"
584,Sector-1 Airoli,-,"Rs. 11,050 - 14,025",-,-
585,Sector-1 Khanda Colony,"Rs. 7,055 - 8,925/sq. ft.",-,"Rs. 11,475 - 13,005",-
586,Sector-1 New Panvel,-,"Rs. 6,712 - 9,588",-,-
587,Sector-1 Vashi,-,"Rs. 13,311 - 18,635","Rs. 20,016 - 22,777",-
588,Sector-2 Airoli,-,-,"Rs. 24,901 - 27,035",-
589,Sector-2 Ghansoli,-,"Rs. 11,156 - 12,495",-,-
590,Sector-2 Kopar Khairane,"Rs. 9,392 - 10,242/sq. ft.","Rs. 12,243 - 14,598","Rs. 20,188 - 25,032",-
591,Sector-2 Vashi,-,"Rs. 12,325 - 16,575",-,-
592,Sector-2A Kopar Khairane,"Rs. 9,350 - 10,370/sq. ft.",-,"Rs. 22,100 - 24,650",-
593,Sector-3 Airoli,-,"Rs. 16,415 - 17,864",-,-
594,Sector-3 Belpada,"Rs. 9,478 - 10,412/sq. ft.","Rs. 10,557 - 11,475",-,-
595,Sector-3 Ghansoli,"Rs. 9,860 - 10,838/sq. ft.","Rs. 13,426 - 15,912","Rs. 19,125 - 22,950",-
596,Sector-3 Kopar Khairane,"Rs. 8,542 - 11,135/sq. ft.",-,"Rs. 18,279 - 20,664",-
597,Sector-3 New Panvel,"Rs. 7,012 - 8,372/sq. ft.","Rs. 7,914 - 9,044","Rs. 11,305 - 12,920",-
598,Sector-3 Ulwe,"Rs. 6,290 - 6,970/sq. ft.",-,"Rs. 7,375 - 9,013",-
599,Sector-4 Airoli,-,"Rs. 14,322 - 15,803",-,-
600,Sector-4 Kopar Khairane,-,"Rs. 12,389 - 14,371",-,-
601,Sector-4 Nerul,"Rs. 15,428 - 17,892/sq. ft.",-,"Rs. 42,238 - 50,480","Rs. 59,670 - 68,850"
602,Sector-4 New Panvel,"Rs. 6,630 - 7,438/sq. ft.","Rs. 6,962 - 9,448","Rs. 11,475 - 13,005",-
603,Sector-4 Sanpada,"Rs. 11,050 - 12,665/sq. ft.",-,"Rs. 23,664 - 31,824",-
604,Sector-4 Vashi,"Rs. 14,535 - 15,342/sq. ft.",-,-,-
605,Sector-4A Koparkhairane,"Rs. 9,308 - 10,838/sq. ft.","Rs. 11,220 - 13,090","Rs. 21,614 - 24,939",-
606,Sector-5 Airoli,-,"Rs. 12,325 - 14,875","Rs. 17,680 - 22,440",-
607,Sector-5 Kamothe,"Rs. 6,290 - 6,672/sq. ft.",-,-,-
608,Sector-5 Kharghar,"Rs. 8,628 - 9,775/sq. ft.","Rs. 13,380 - 14,371","Rs. 18,350 - 25,340","Rs. 29,622 - 31,992"
609,Sector-5 Kopar Khairane,"Rs. 8,882 - 10,752/sq. ft.","Rs. 13,039 - 14,544","Rs. 20,400 - 22,950","Rs. 23,205 - 25,415"
610,Sector-5 New Panvel East,"Rs. 7,565 - 8,798/sq. ft.","Rs. 8,738 - 10,049","Rs. 12,282 - 15,172",-
611,Sector-6 Airoli,"Rs. 10,668 - 11,432/sq. ft.","Rs. 15,680 - 18,056","Rs. 22,481 - 27,132",-
612,Sector-6 Ghansoli,"Rs. 8,968 - 10,072/sq. ft.","Rs. 12,967 - 14,408","Rs. 20,177 - 24,058","Rs. 35,848 - 45,625"
613,Sector-6 Kharghar,"Rs. 10,412 - 12,240/sq. ft.","Rs. 12,559 - 13,061","Rs. 20,400 - 22,100","Rs. 27,683 - 31,143"
614,Sector-6 Kopar Khairane,"Rs. 9,265 - 9,988/sq. ft.","Rs. 12,622 - 15,895","Rs. 20,188 - 24,225",-
615,Sector-6 Nerul,-,"Rs. 6,545 - 8,415",-,"Rs. 37,699 - 44,768"
616,Sector-6 New Panvel,"Rs. 6,078 - 6,715/sq. ft.",-,-,-
617,Sector-6A Kamothe,"Rs. 6,630 - 7,268/sq. ft.",-,"Rs. 14,421 - 15,269",-
618,Sector-7 Ghansoli,"Rs. 9,478 - 10,752/sq. ft.","Rs. 14,612 - 17,047","Rs. 21,229 - 24,625",-
619,Sector-7 Kamothe,"Rs. 6,885 - 7,480/sq. ft.",-,-,-
620,Sector-7 Khanda Colony,"Rs. 6,630 - 7,310/sq. ft.",-,-,-
621,Sector-7 Kopar Khairane,"Rs. 9,052 - 10,540/sq. ft.","Rs. 14,050 - 15,988","Rs. 17,746 - 18,429",-
622,Sector-8 Ghansoli,"Rs. 11,178 - 12,198/sq. ft.","Rs. 17,748 - 19,227","Rs. 24,684 - 27,975","Rs. 34,510 - 38,080"
623,Sector-8 Kamothe,"Rs. 6,418 - 7,098/sq. ft.",-,-,-
624,Sector-8 Kharghar,"Rs. 8,500 - 9,478/sq. ft.","Rs. 12,006 - 13,447","Rs. 17,279 - 18,102","Rs. 22,352 - 25,881"
625,Sector-8 Kopar Khairane,"Rs. 9,138 - 11,135/sq. ft.","Rs. 14,174 - 15,640","Rs. 21,682 - 25,554",-
626,Sector-8 Sanpada,"Rs. 11,178 - 13,218/sq. ft.","Rs. 14,446 - 16,197",-,-
627,Sector-8 Ulwe,"Rs. 6,800 - 7,862/sq. ft.","Rs. 4,888 - 5,376","Rs. 9,350 - 11,050","Rs. 15,658 - 20,476"
628,Sector-8A Airoli,"Rs. 10,072 - 11,602/sq. ft.","Rs. 14,322 - 16,297","Rs. 22,185 - 25,245",-
629,Sector-9 Ghansoli,"Rs. 10,158 - 11,730/sq. ft.","Rs. 10,343 - 12,730","Rs. 25,288 - 33,380",-
630,Sector-9 Kamothe,"Rs. 6,120 - 6,715/sq. ft.","Rs. 7,076 - 8,020","Rs. 9,841 - 11,247",-
631,Sector-9 Khanda Colony,"Rs. 6,630 - 7,268/sq. ft.","Rs. 7,442 - 7,880",-,-
632,Sector-9 New Panvel,"Rs. 6,418 - 6,928/sq. ft.",-,"Rs. 10,952 - 11,682",-
633,Sector-9 Sanpada,"Rs. 15,300 - 16,320/sq. ft.","Rs. 19,724 - 21,747","Rs. 29,070 - 30,600","Rs. 34,123 - 39,657"
634,Sector-9 Ulwe,"Rs. 7,182 - 7,990/sq. ft.","Rs. 5,507 - 6,008","Rs. 8,526 - 10,231","Rs. 13,370 - 15,802"
635,Sector-9A Vashi,-,"Rs. 16,320 - 19,380","Rs. 22,312 - 25,288",-
636,Sector-10 Kalamboli,"Rs. 5,950 - 6,758/sq. ft.",-,-,-
637,Sector-10 Nerul,"Rs. 9,095 - 10,795/sq. ft.",-,"Rs. 21,573 - 24,769",-
638,Sector-10 New Panvel,"Rs. 6,162 - 6,545/sq. ft.","Rs. 7,670 - 8,150","Rs. 10,582 - 14,110",-
639,Sector-10 Vashi,-,-,"Rs. 22,610 - 27,455",-
640,Sector-10/B Ulwe,"Rs. 6,502 - 8,245/sq. ft.",-,"Rs. 9,378 - 11,083",-
641,Sector-10A Airoli,"Rs. 13,685 - 14,535/sq. ft.",-,"Rs. 30,098 - 34,658","Rs. 34,527 - 37,980"
642,Sector-10A Vashi,-,-,"Rs. 18,788 - 26,617",-
643,Sector-11 Ghansoli,"Rs. 11,432 - 12,410/sq. ft.",-,"Rs. 29,920 - 33,660","Rs. 38,250 - 40,800"
644,Sector-11 Khanda Colony,"Rs. 8,628 - 9,562/sq. ft.",-,-,-
645,Sector-11 New Panvel,-,-,"Rs. 9,945 - 11,475",-
646,Sector-11 Sanpada,"Rs. 13,048 - 14,238/sq. ft.",-,"Rs. 31,620 - 37,740",-
647,Sector-11 Taloja,"Rs. 4,420 - 4,972/sq. ft.","Rs. 5,015 - 7,021",-,-
648,Sector-12 Kamothe,"Rs. 6,290 - 6,800/sq. ft.","Rs. 7,948 - 9,350",-,-
649,Sector-12 Kopar Khairane,"Rs. 8,202 - 10,455/sq. ft.","Rs. 12,111 - 14,906","Rs. 19,890 - 22,950",-
650,Sector-12 New Panvel,"Rs. 6,842 - 7,735/sq. ft.",-,"Rs. 10,412 - 12,644",-
651,Sector-13 Kharghar,"Rs. 7,480 - 8,798/sq. ft.","Rs. 8,966 - 11,456","Rs. 13,600 - 16,150",-
652,Sector-13 Kopar Khairane,"Rs. 10,880 - 13,515/sq. ft.",-,"Rs. 22,121 - 25,661",-
653,Sector-13 Nerul,"Rs. 13,812 - 14,620/sq. ft.",-,-,-
654,Sector-14 Airoli,-,-,-,"Rs. 25,415 - 30,940"
655,Sector-14 Koparkhairane,"Rs. 10,412 - 12,198/sq. ft.","Rs. 14,492 - 18,232","Rs. 24,157 - 29,155","Rs. 34,425 - 40,162"
656,Sector-14 Nerul,"Rs. 19,082 - 23,758/sq. ft.",-,"Rs. 34,808 - 36,592",-
657,Sector-14 Sanpada,"Rs. 12,622 - 13,515/sq. ft.","Rs. 18,476 - 19,448",-,"Rs. 51,404 - 63,941"
658,Sector-14 Taloja,"Rs. 4,930 - 5,695/sq. ft.",-,-,-
659,Sector-15 Ghansoli,"Rs. 9,690 - 10,412/sq. ft.","Rs. 12,856 - 14,913","Rs. 21,165 - 23,705","Rs. 33,475 - 38,092"
660,Sector-15 New Panvel,"Rs. 7,395 - 7,862/sq. ft.",-,"Rs. 10,710 - 13,005",-
661,Sector-15 Sanpada,"Rs. 11,475 - 13,090/sq. ft.","Rs. 15,895 - 19,168","Rs. 21,760 - 27,200",-
662,Sector-15A New Panvel,-,-,"Rs. 11,475 - 16,065",-
663,Sector-16 Airoli,-,"Rs. 14,280 - 16,830","Rs. 13,812 - 16,575",-
664,Sector-16 Kharghar,"Rs. 7,905 - 8,925/sq. ft.",-,-,-
665,Sector-16 Koparkhairane,"Rs. 8,882 - 9,902/sq. ft.","Rs. 13,558 - 18,232","Rs. 19,890 - 23,715",-
666,Sector-16 New Panvel,"Rs. 6,715 - 7,310/sq. ft.","Rs. 7,650 - 9,180","Rs. 11,008 - 11,794",-
667,Sector-16 Sanpada,"Rs. 14,195 - 14,918/sq. ft.","Rs. 17,765 - 21,972","Rs. 30,600 - 34,850","Rs. 38,102 - 40,560"
668,Sector-16 Taloja,"Rs. 4,802 - 5,525/sq. ft.","Rs. 4,802 - 5,283",-,-
669,Sector-16 Ulwe,"Rs. 6,248 - 7,310/sq. ft.","Rs. 5,176 - 5,694","Rs. 7,933 - 10,577","Rs. 12,894 - 15,473"
670,Sector-16A Sanpada,"Rs. 13,898 - 16,108/sq. ft.",-,"Rs. 28,768 - 32,878","Rs. 54,698 - 58,905"
671,Sector-17 Kalamboli,"Rs. 6,758 - 7,778/sq. ft.",-,-,-
672,Sector-17 Kamothe,"Rs. 6,672 - 7,395/sq. ft.","Rs. 8,242 - 9,272","Rs. 10,652 - 13,110",-
673,Sector-17 Khanda Colony,"Rs. 7,352 - 7,990/sq. ft.",-,-,-
674,Sector-17 Kopar Khairane,"Rs. 8,670 - 10,030/sq. ft.","Rs. 14,889 - 16,942","Rs. 20,222 - 27,999",-
675,Sector-17 Sanpada,"Rs. 13,472 - 15,130/sq. ft.",-,"Rs. 34,808 - 39,270","Rs. 43,350 - 53,550"
676,Sector-18 Kopar Khairane,"Rs. 8,075 - 9,520/sq. ft.",-,-,-
677,Sector-18 Sanpada,"Rs. 17,552 - 20,102/sq. ft.",-,"Rs. 36,001 - 39,693","Rs. 47,491 - 55,406"
678,Sector-18 Ulwe,"Rs. 6,885 - 7,480/sq. ft.","Rs. 5,865 - 6,842","Rs. 9,088 - 9,914","Rs. 12,248 - 13,362"
679,Sector-18A Nerul,"Rs. 13,728 - 16,958/sq. ft.",-,"Rs. 33,558 - 41,228","Rs. 45,135 - 55,165"
680,Sector-19 Airoli,"Rs. 10,625 - 12,240/sq. ft.","Rs. 14,545 - 16,891","Rs. 24,225 - 27,455","Rs. 31,884 - 34,969"
681,Sector-19 Belapur,"Rs. 7,352 - 8,500/sq. ft.","Rs. 9,724 - 11,934",-,-
682,Sector-19 Koper Khairane,"Rs. 7,735 - 8,500/sq. ft.","Rs. 11,475 - 12,750","Rs. 15,652 - 19,209",-
683,Sector-19 New Panvel,-,-,"Rs. 11,475 - 13,005",-
684,Sector-19 Taloja,"Rs. 5,568 - 6,332/sq. ft.","Rs. 4,208 - 4,675",-,-
685,Sector-19A Kopar Khairane,"Rs. 6,928 - 8,712/sq. ft.","Rs. 10,016 - 11,686","Rs. 18,232 - 23,141",-
686,Sector-20 Koparkhairane,"Rs. 10,285 - 11,305/sq. ft.","Rs. 14,124 - 16,560","Rs. 22,100 - 26,350","Rs. 34,510 - 36,890"
687,Sector-20 Nerul,"Rs. 8,840 - 10,285/sq. ft.","Rs. 10,752 - 13,558","Rs. 19,380 - 22,610","Rs. 25,936 - 37,052"
688,Sector-20 Roadpali,"Rs. 6,375 - 7,098/sq. ft.",-,"Rs. 11,680 - 14,375",-
689,Sector-20 Taloja,"Rs. 4,292 - 4,760/sq. ft.",-,-,-
690,Sector-20B Airoli,"Rs. 9,775 - 10,965/sq. ft.","Rs. 14,025 - 17,765","Rs. 24,822 - 29,626","Rs. 29,580 - 34,510"
691,Sector-22 Kopar Khairane,"Rs. 9,350 - 11,135/sq. ft.","Rs. 12,577 - 13,042",-,"Rs. 21,505 - 25,245"
692,Sector-23 Juinagar,"Rs. 8,500 - 9,690/sq. ft.",-,-,-
693,Sector-23 Kharghar,"Rs. 10,115 - 11,178/sq. ft.",-,-,-
694,Sector-23 Taloja,"Rs. 5,100 - 5,992/sq. ft.","Rs. 4,974 - 4,974","Rs. 7,574 - 8,415",-
695,Sector-24 Kamothe,"Rs. 6,545 - 7,225/sq. ft.","Rs. 7,962 - 9,835",-,-
696,Sector-24 Taloja,"Rs. 5,950 - 6,248/sq. ft.",-,"Rs. 7,137 - 7,930",-
697,Sector-25 Kamothe,"Rs. 6,842 - 7,862/sq. ft.","Rs. 8,622 - 10,778","Rs. 11,658 - 13,451",-
698,Sector-25 Khandeshhwar,"Rs. 8,032 - 8,458/sq. ft.","Rs. 11,299 - 11,837","Rs. 14,609 - 14,609",-
699,Sector-26 Taloja,"Rs. 4,335 - 4,802/sq. ft.","Rs. 4,208 - 4,675",-,-
700,Sector-27 Kharghar,"Rs. 8,075 - 9,988/sq. ft.","Rs. 7,650 - 8,670",-,"Rs. 18,210 - 25,039"
701,Sector-27 Nerul,"Rs. 11,900 - 13,005/sq. ft.","Rs. 15,428 - 16,830","Rs. 20,698 - 25,665","Rs. 36,890 - 40,460"
702,Sector-28 Nerul,"Rs. 13,685 - 16,150/sq. ft.","Rs. 11,751 - 12,691","Rs. 26,877 - 34,940","Rs. 48,868 - 52,941"
703,Sector-29 Belapur,-,"Rs. 9,605 - 10,566",-,-
704,Sector-29C Airoli,"Rs. 8,755 - 11,135/sq. ft.","Rs. 12,708 - 16,129","Rs. 23,434 - 25,778",-
705,Sector-30 Belapur,"Rs. 10,668 - 11,475/sq. ft.",-,"Rs. 23,845 - 29,144","Rs. 33,575 - 42,976"
706,Sector-30 Ghansoli,"Rs. 7,225 - 12,070/sq. ft.","Rs. 15,994 - 18,493","Rs. 25,612 - 27,265",-
707,Sector-30 Vashi,-,"Rs. 16,690 - 18,713","Rs. 24,514 - 27,140",-
708,Sector-31 Kamothe,"Rs. 6,248 - 7,225/sq. ft.",-,"Rs. 12,186 - 13,926",-
709,Sector-34 Kharghar,"Rs. 6,332 - 7,055/sq. ft.",-,"Rs. 11,888 - 13,586",-
710,Sector-34A Kharghar,"Rs. 9,308 - 10,668/sq. ft.",-,"Rs. 22,460 - 24,332","Rs. 29,284 - 33,278"
711,Sector-34B Kharghar,"Rs. 6,970 - 8,712/sq. ft.","Rs. 7,650 - 8,160","Rs. 14,214 - 17,372",-
712,Sector-35 Kamothe,"Rs. 6,800 - 7,268/sq. ft.","Rs. 8,670 - 9,180","Rs. 11,591 - 14,074",-
713,Sector-35D Kharghar,"Rs. 7,480 - 8,500/sq. ft.","Rs. 9,364 - 10,404","Rs. 15,722 - 19,421","Rs. 23,378 - 24,677"
714,Sector-35E Kharghar,"Rs. 7,522 - 8,798/sq. ft.","Rs. 9,180 - 10,710","Rs. 17,523 - 19,367","Rs. 20,374 - 23,970"
715,Sector-35G Kharghar,"Rs. 8,288 - 9,052/sq. ft.","Rs. 11,847 - 13,393","Rs. 16,405 - 18,046","Rs. 22,287 - 24,633"
716,Sector-37 Taloja,"Rs. 7,438 - 8,288/sq. ft.",-,"Rs. 13,207 - 14,761",-
717,Sector-38 Seawoods,"Rs. 11,348 - 12,325/sq. ft.","Rs. 14,913 - 16,970","Rs. 28,900 - 32,300","Rs. 33,810 - 36,979"
718,Sector-42A Seawoods,"Rs. 9,988 - 12,368/sq. ft.","Rs. 13,558 - 15,895","Rs. 23,205 - 27,349",-
719,Sector-44A Seawoods,"Rs. 9,818 - 12,580/sq. ft.","Rs. 12,376 - 14,280","Rs. 20,796 - 24,795",-
720,Sector-46 Seawoods,"Rs. 13,388 - 15,938/sq. ft.","Rs. 11,688 - 14,960","Rs. 31,238 - 37,485","Rs. 39,525 - 44,625"
721,Sector-48 Seawoods,"Rs. 10,582 - 13,048/sq. ft.","Rs. 11,581 - 14,361","Rs. 19,444 - 24,888",-
722,Sector-50 Seawoods,"Rs. 10,625 - 12,452/sq. ft.","Rs. 13,852 - 16,820","Rs. 23,800 - 28,900","Rs. 34,510 - 40,672"
723,Sector-58 Seawoods,"Rs. 15,512 - 17,722/sq. ft.",-,"Rs. 37,740 - 43,401","Rs. 50,320 - 61,200"
724,Sector-58A Seawoods,-,-,"Rs. 32,130 - 38,378","Rs. 50,646 - 56,977"
725,Sector 1 Ghansoli,-,"Rs. 10,285 - 12,155",-,-
726,Sector 1 Kopar Khairane,"Rs. 9,775 - 11,348/sq. ft.","Rs. 13,637 - 17,534","Rs. 21,459 - 26,411",-
727,Sector 1 Sanpada,"Rs. 10,668 - 12,155/sq. ft.","Rs. 15,428 - 18,232",-,-
728,Sector 2 Kharghar,"Rs. 9,775 - 10,922/sq. ft.",-,"Rs. 19,768 - 22,239","Rs. 25,298 - 28,597"
729,Sector 2 Ulwe,"Rs. 6,035 - 7,012/sq. ft.","Rs. 5,423 - 6,409","Rs. 9,023 - 9,843","Rs. 13,941 - 16,476"
730,Sector 3 Kharghar,"Rs. 7,862 - 9,052/sq. ft.","Rs. 12,375 - 13,451",-,-
731,Sector 4 Kharghar,"Rs. 9,265 - 10,158/sq. ft.","Rs. 12,495 - 13,388","Rs. 16,958 - 23,418",-
732,Sector 5 Ghansoli,"Rs. 9,562 - 10,752/sq. ft.","Rs. 12,442 - 14,835","Rs. 19,747 - 23,038","Rs. 27,418 - 30,845"
733,Sector 5 Ulwe,"Rs. 6,715 - 7,522/sq. ft.","Rs. 5,957 - 6,950","Rs. 9,135 - 9,965",-
734,Sector 6 Kamothe,"Rs. 6,715 - 7,905/sq. ft.","Rs. 7,997 - 10,496",-,-
735,Sector 7 Airoli,"Rs. 11,135 - 13,005/sq. ft.","Rs. 16,357 - 19,244","Rs. 21,420 - 24,480","Rs. 32,144 - 38,794"
736,Sector 7 Kharghar,"Rs. 9,988 - 10,710/sq. ft.",-,"Rs. 21,644 - 27,056","Rs. 27,370 - 32,130"
737,Sector 8 Airoli,"Rs. 10,710 - 12,155/sq. ft.","Rs. 14,458 - 17,832","Rs. 22,134 - 26,561","Rs. 26,520 - 34,680"
738,Sector 8 New Panvel,-,"Rs. 7,650 - 7,650",-,-
739,Sector 9 Airoli,"Rs. 8,542 - 9,732/sq. ft.","Rs. 12,155 - 13,558","Rs. 17,340 - 21,675",-
740,Sector 10 Kamothe,"Rs. 6,545 - 7,395/sq. ft.","Rs. 8,109 - 8,560","Rs. 10,972 - 11,756",-
741,Sector 10 Kharghar,"Rs. 8,075 - 9,095/sq. ft.","Rs. 10,996 - 12,995","Rs. 18,564 - 21,216","Rs. 25,686 - 29,356"
742,Sector 11 Belapur,"Rs. 9,902 - 11,560/sq. ft.","Rs. 14,297 - 16,269","Rs. 22,586 - 27,798","Rs. 36,720 - 43,520"
743,Sector 11 Kamothe,"Rs. 6,672 - 7,268/sq. ft.","Rs. 8,208 - 8,690",-,-
744,Sector 11 Kharghar,"Rs. 8,202 - 9,520/sq. ft.","Rs. 10,710 - 13,770","Rs. 17,765 - 21,802","Rs. 20,188 - 26,562"
745,Sector 11 Koparkhairane,"Rs. 10,838 - 12,750/sq. ft.","Rs. 14,525 - 17,248","Rs. 22,562 - 28,203","Rs. 29,743 - 34,150"
746,Sector 12 Kharghar,"Rs. 8,840 - 10,072/sq. ft.","Rs. 10,752 - 12,708","Rs. 18,700 - 22,100","Rs. 28,892 - 31,518"
747,Sector 12 Vashi,"Rs. 11,135 - 12,750/sq. ft.",-,"Rs. 21,760 - 26,112","Rs. 41,643 - 57,259"
748,Sector 13 Sanpada,"Rs. 12,962 - 14,620/sq. ft.","Rs. 16,124 - 19,349",-,-
749,Sector 14 Belapur,-,"Rs. 10,752 - 14,025",-,-
750,Sector 14 Kamothe,"Rs. 5,950 - 6,502/sq. ft.","Rs. 7,154 - 7,601",-,-
751,Sector 14 Kharghar,"Rs. 10,115 - 11,262/sq. ft.",-,"Rs. 21,819 - 25,264",-
752,Sector 14 Vashi,"Rs. 14,408 - 17,978/sq. ft.","Rs. 16,040 - 21,921","Rs. 23,800 - 34,850","Rs. 34,558 - 37,699"
753,Sector 15 Belapur,"Rs. 10,752 - 13,260/sq. ft.",-,"Rs. 26,384 - 32,980","Rs. 42,075 - 57,375"
754,Sector 15 Kamothe,"Rs. 5,780 - 6,205/sq. ft.","Rs. 8,384 - 8,384","Rs. 12,138 - 12,947",-
755,Sector 15 Kharghar,"Rs. 9,350 - 10,115/sq. ft.","Rs. 9,086 - 11,682","Rs. 19,635 - 22,440","Rs. 27,030 - 31,084"
756,Sector 15 Kopar Khairane,"Rs. 9,350 - 11,220/sq. ft.","Rs. 15,232 - 16,660",-,-
757,Sector 15 Nerul,"Rs. 10,242 - 12,495/sq. ft.",-,-,-
758,Sector 16 Ghansoli,"Rs. 9,392 - 10,115/sq. ft.","Rs. 12,737 - 13,681","Rs. 18,911 - 19,611",-
759,Sector 16 Kamothe,"Rs. 6,928 - 7,778/sq. ft.","Rs. 6,796 - 9,514","Rs. 11,750 - 13,219",-
760,Sector 16 Vashi,-,"Rs. 17,680 - 22,100","Rs. 22,658 - 27,513",-
761,Sector 16A Nerul,"Rs. 14,408 - 17,892/sq. ft.",-,"Rs. 31,732 - 35,465","Rs. 43,030 - 47,064"
762,Sector 17 Ulwe,"Rs. 6,502 - 7,395/sq. ft.","Rs. 5,367 - 5,855","Rs. 8,761 - 10,354","Rs. 12,192 - 13,301"
763,Sector 17 Vashi,"Rs. 13,898 - 16,872/sq. ft.","Rs. 19,380 - 23,460","Rs. 29,750 - 38,250","Rs. 43,605 - 53,295"
764,Sector 18 Kamothe,"Rs. 6,715 - 7,352/sq. ft.","Rs. 8,670 - 9,690","Rs. 14,956 - 16,950",-
765,Sector 18 Kharghar,"Rs. 7,862 - 8,798/sq. ft.","Rs. 9,945 - 11,602","Rs. 16,294 - 18,105","Rs. 23,103 - 28,237"
766,Sector 19 Kamothe,"Rs. 6,672 - 7,310/sq. ft.","Rs. 8,222 - 9,189","Rs. 11,900 - 13,600","Rs. 16,327 - 17,493"
767,Sector 19 Kharghar,"Rs. 8,500 - 9,732/sq. ft.","Rs. 10,710 - 12,240","Rs. 17,000 - 19,550","Rs. 28,149 - 32,171"
768,Sector 19 Nerul,"Rs. 12,368 - 14,025/sq. ft.","Rs. 14,770 - 16,616","Rs. 23,715 - 26,010",-
769,Sector 19 Ulwe,"Rs. 6,035 - 6,800/sq. ft.","Rs. 5,957 - 6,950","Rs. 9,322 - 11,864","Rs. 12,316 - 13,548"
770,Sector 19A Nerul,"Rs. 12,452 - 13,472/sq. ft.","Rs. 15,428 - 16,830","Rs. 27,489 - 31,654","Rs. 40,120 - 47,642"
771,Sector 19B,"Rs. 6,460 - 6,928/sq. ft.","Rs. 6,232 - 10,067",-,-
772,Sector 20 Airoli,"Rs. 9,350 - 10,625/sq. ft.","Rs. 13,328 - 15,708","Rs. 20,244 - 21,801",-
773,Sector 20 Belapur,"Rs. 7,310 - 8,500/sq. ft.","Rs. 9,818 - 12,155","Rs. 16,745 - 21,768",-
774,Sector 20 Kamothe,"Rs. 6,418 - 7,225/sq. ft.","Rs. 7,874 - 9,351","Rs. 10,895 - 12,572","Rs. 14,892 - 16,133"
775,Sector 20 Kharghar,"Rs. 8,330 - 9,478/sq. ft.","Rs. 10,050 - 11,485","Rs. 18,700 - 22,950","Rs. 23,241 - 25,823"
776,Sector 20 Ulwe,"Rs. 6,248 - 7,140/sq. ft.","Rs. 5,638 - 6,151","Rs. 9,303 - 10,995","Rs. 11,611 - 16,255"
777,Sector 21 Ghansoli,"Rs. 8,075 - 9,052/sq. ft.","Rs. 10,850 - 12,266","Rs. 18,064 - 21,349",-
778,Sector 21 Kamothe,"Rs. 6,545 - 7,268/sq. ft.","Rs. 7,948 - 8,882","Rs. 12,750 - 14,450","Rs. 19,031 - 20,150"
779,Sector 21 Kharghar,"Rs. 8,075 - 9,265/sq. ft.","Rs. 10,710 - 14,280","Rs. 16,247 - 18,812","Rs. 24,008 - 28,581"
780,Sector 21 Nerul,"Rs. 12,112 - 13,430/sq. ft.","Rs. 14,026 - 15,477","Rs. 22,610 - 25,032","Rs. 31,442 - 39,593"
781,Sector 21 Ulwe,"Rs. 6,715 - 7,565/sq. ft.","Rs. 6,120 - 7,140","Rs. 9,247 - 10,928","Rs. 11,900 - 13,090"
782,Sector 22 Kamothe,"Rs. 6,418 - 7,098/sq. ft.","Rs. 8,468 - 9,464","Rs. 11,543 - 12,368",-
783,Sector 23 Ghansoli,"Rs. 8,585 - 9,818/sq. ft.","Rs. 11,669 - 13,260","Rs. 18,462 - 20,000",-
784,Sector 23 Nerul,"Rs. 8,968 - 11,008/sq. ft.",-,"Rs. 19,315 - 22,675",-
785,Sector 23 Ulwe,"Rs. 6,502 - 7,268/sq. ft.","Rs. 5,926 - 6,914",-,"Rs. 16,100 - 18,577"
786,Sector 25 Nerul,"Rs. 12,240 - 14,068/sq. ft.",-,"Rs. 24,157 - 26,656","Rs. 31,620 - 33,660"
787,Sector 26 Vashi,"Rs. 9,945 - 11,050/sq. ft.","Rs. 14,518 - 16,592","Rs. 21,462 - 26,614",-
788,Sector 28 Vashi,"Rs. 9,818 - 10,582/sq. ft.","Rs. 16,242 - 18,153","Rs. 24,576 - 28,813","Rs. 37,460 - 43,703"
789,Sector 29 Nerul,"Rs. 12,962 - 16,830/sq. ft.",-,"Rs. 28,315 - 31,855",-
790,Sector 29 Vashi,"Rs. 14,152 - 16,278/sq. ft.","Rs. 20,272 - 22,074","Rs. 24,045 - 28,553","Rs. 32,045 - 46,410"
791,Sector 30 Kharghar,"Rs. 6,078 - 7,098/sq. ft.",-,"Rs. 11,103 - 13,482",-
792,Sector 30A Vashi,"Rs. 11,858 - 13,642/sq. ft.","Rs. 17,082 - 19,671","Rs. 27,200 - 29,750",-
793,Sector 34 Kamothe,"Rs. 6,418 - 7,352/sq. ft.","Rs. 8,179 - 8,660","Rs. 12,597 - 14,277",-
794,Sector 34C Kharghar,"Rs. 8,032 - 9,180/sq. ft.","Rs. 8,174 - 9,195","Rs. 14,960 - 18,700","Rs. 22,506 - 23,757"
795,Sector 35I Kharghar,"Rs. 7,182 - 8,118/sq. ft.","Rs. 8,704 - 11,968","Rs. 15,100 - 17,765","Rs. 21,558 - 23,953"
796,Sector 36 Kamothe,"Rs. 6,672 - 7,352/sq. ft.","Rs. 8,771 - 9,803","Rs. 12,316 - 13,138","Rs. 16,053 - 17,200"
797,Sector 36 Kharghar,"Rs. 6,630 - 7,438/sq. ft.","Rs. 6,545 - 7,948","Rs. 14,280 - 16,065","Rs. 21,068 - 24,786"
798,Sector 36 Seawoods,"Rs. 10,285 - 12,198/sq. ft.","Rs. 10,557 - 14,688","Rs. 26,698 - 29,368","Rs. 33,393 - 42,384"
799,Sector 40 Seawoods,"Rs. 11,390 - 12,962/sq. ft.","Rs. 16,320 - 17,850","Rs. 21,945 - 26,166","Rs. 40,800 - 48,960"
800,Sector 42 Seawoods,"Rs. 11,178 - 12,835/sq. ft.","Rs. 15,546 - 17,051","Rs. 24,650 - 26,350","Rs. 35,151 - 37,575"
801,Sector 44 Seawoods,"Rs. 9,945 - 12,750/sq. ft.","Rs. 11,496 - 13,796","Rs. 21,250 - 26,350","Rs. 30,409 - 38,292"
802,Sector 48-A Seawoods,-,"Rs. 12,155 - 14,492",-,-
803,Shahbaz Village,"Rs. 7,438 - 8,500/sq. ft.",-,-,-
804,Shilphata,"Rs. 5,525 - 6,460/sq. ft.","Rs. 6,177 - 8,078","Rs. 9,580 - 11,054",-
805,Shirdon,"Rs. 3,570 - 4,335/sq. ft.",-,-,-
806,Shiv Colony,-,"Rs. 10,370 - 13,688",-,-
807,Sukapur,"Rs. 4,420 - 5,482/sq. ft.","Rs. 4,718 - 6,604",-,-
808,Takka Colony,"Rs. 6,545 - 7,522/sq. ft.",-,-,-
809,Taloja,"Rs. 4,632 - 5,312/sq. ft.","Rs. 4,947 - 5,442","Rs. 7,290 - 8,911",-
810,Taloja Panchanand,"Rs. 4,888 - 5,652/sq. ft.","Rs. 4,712 - 6,283","Rs. 8,398 - 9,238",-
811,Taloje Majkur,"Rs. 4,590 - 5,015/sq. ft.",-,-,-
812,Ulwe,"Rs. 6,545 - 7,480/sq. ft.","Rs. 5,535 - 6,542","Rs. 9,275 - 10,962","Rs. 13,445 - 15,890"
813,Usarli Khurd,"Rs. 4,462 - 4,675/sq. ft.","Rs. 4,552 - 6,069",-,-
814,Vadghar,"Rs. 4,802 - 5,440/sq. ft.",-,-,-
815,Vashi,"Rs. 11,815 - 14,875/sq. ft.","Rs. 16,662 - 20,701","Rs. 24,225 - 29,878","Rs. 38,080 - 47,600"
816,Vichumbe,"Rs. 4,632 - 5,185/sq. ft.","Rs. 5,610 - 7,140","Rs. 8,565 - 8,565",-
817,Abhyudaya Nagar,"Rs. 24,565 - 28,602/sq. ft.","Rs. 16,473 - 17,200","Rs. 64,842 - 70,172","Rs. 95,189 - 1,06,225"
818,Adarsh Nagar,"Rs. 32,852 - 39,652/sq. ft.","Rs. 23,715 - 26,245","Rs. 61,370 - 74,290","Rs. 1,13,356 - 1,40,278"
819,Agripada,"Rs. 25,500 - 29,750/sq. ft.","Rs. 28,730 - 31,824","Rs. 61,922 - 71,910",-
820,Altamount Road,"Rs. 54,698 - 71,825/sq. ft.","Rs. 73,780 - 89,250","Rs. 1,21,464 - 1,56,009","Rs. 2,03,108 - 2,82,285"
821,Apollo Bandar,-,"Rs. 51,510 - 56,610",-,-
822,BDD Chawls Worli,-,-,-,"Rs. 1,13,402 - 1,18,934"
823,Breach Candy,"Rs. 49,682 - 60,902/sq. ft.","Rs. 62,424 - 76,500","Rs. 1,27,939 - 1,41,525","Rs. 1,88,700 - 2,31,200"
824,Century Bazaar,"Rs. 27,838 - 32,002/sq. ft.","Rs. 14,280 - 17,255","Rs. 65,450 - 72,250",-
825,Chamundeshwari Nagar,"Rs. 47,090 - 55,888/sq. ft.","Rs. 73,096 - 85,549","Rs. 1,23,781 - 1,45,567","Rs. 1,77,630 - 2,12,290"
826,Churchgate,"Rs. 34,722 - 45,305/sq. ft.","Rs. 26,163 - 30,753","Rs. 1,14,750 - 1,40,250","Rs. 1,73,400 - 1,95,500"
827,Colaba,"Rs. 31,960 - 37,145/sq. ft.","Rs. 49,939 - 58,752","Rs. 77,928 - 96,598","Rs. 1,89,638 - 2,23,910"
828,Cuffe Parade,"Rs. 44,582 - 52,232/sq. ft.","Rs. 70,125 - 81,812","Rs. 1,16,644 - 1,33,738","Rs. 1,74,742 - 2,00,737"
829,Dadar,"Rs. 28,178 - 33,490/sq. ft.","Rs. 20,553 - 27,514","Rs. 64,600 - 78,200","Rs. 1,20,615 - 1,48,665"
830,Dadar (East),"Rs. 25,628 - 30,218/sq. ft.","Rs. 31,875 - 36,550","Rs. 57,301 - 63,114","Rs. 1,24,950 - 1,49,940"
831,Dadar (West),"Rs. 29,155 - 35,232/sq. ft.","Rs. 20,014 - 26,904","Rs. 66,300 - 79,050","Rs. 1,24,924 - 1,54,074"
832,Gamdevi,"Rs. 35,275 - 44,115/sq. ft.","Rs. 30,322 - 36,474","Rs. 65,512 - 79,754","Rs. 1,35,362 - 1,97,838"
833,Gandhi Nagar Worli,-,"Rs. 18,550 - 20,346","Rs. 66,938 - 71,400","Rs. 1,04,040 - 1,33,110"
834,Girgaon,"Rs. 28,645 - 32,768/sq. ft.","Rs. 38,309 - 41,078",-,-
835,Gowalia Tank,"Rs. 36,592 - 44,242/sq. ft.",-,-,-
836,Haji Ali,"Rs. 37,145 - 48,408/sq. ft.",-,"Rs. 96,589 - 1,17,351",-
837,Hanuman Nagar,"Rs. 24,735 - 29,495/sq. ft.","Rs. 23,715 - 27,540",-,"Rs. 1,85,912 - 2,37,038"
838,Hindu Colony,"Rs. 29,878 - 33,660/sq. ft.",-,"Rs. 59,690 - 65,974",-
839,Jacob Circle,"Rs. 37,102 - 42,925/sq. ft.",-,"Rs. 1,13,002 - 1,27,128","Rs. 1,66,175 - 1,86,405"
840,Kamathipura,"Rs. 23,502 - 23,885/sq. ft.",-,-,-
841,Kemps Corner,"Rs. 41,990 - 52,105/sq. ft.","Rs. 46,199 - 58,018","Rs. 63,891 - 66,700",-
842,Koliwada,"Rs. 26,010 - 32,385/sq. ft.",-,"Rs. 61,922 - 81,898",-
843,Lal Baug,"Rs. 25,755 - 31,195/sq. ft.","Rs. 33,048 - 40,392","Rs. 61,940 - 70,788","Rs. 1,34,530 - 1,49,630"
844,Lower Parel,"Rs. 26,520 - 30,728/sq. ft.","Rs. 27,336 - 32,640","Rs. 67,150 - 80,750","Rs. 1,43,820 - 1,65,240"
845,Lower Parel East,-,"Rs. 31,719 - 34,223","Rs. 56,231 - 63,486",-
846,Lower Parel West,"Rs. 25,032 - 30,302/sq. ft.","Rs. 20,081 - 23,906","Rs. 72,675 - 80,750","Rs. 1,67,790 - 1,89,210"
847,Mahalaxmi,"Rs. 28,645 - 37,782/sq. ft.","Rs. 33,507 - 38,097","Rs. 89,199 - 1,12,985","Rs. 1,85,130 - 2,18,790"
848,Mahalaxmi Sindhi Colony,"Rs. 30,982 - 37,188/sq. ft.",-,-,-
849,Malabar Hill,"Rs. 47,218 - 57,715/sq. ft.","Rs. 58,565 - 75,692","Rs. 1,09,208 - 1,32,042","Rs. 2,04,171 - 2,44,307"
850,Mandvi,"Rs. 14,918 - 18,232/sq. ft.",-,-,-
851,Mantralaya,-,-,-,"Rs. 1,89,656 - 2,23,975"
852,Marine Drive,"Rs. 40,800 - 45,262/sq. ft.",-,"Rs. 1,00,682 - 1,33,918","Rs. 1,73,400 - 2,10,800"
853,Marine Drive Chowpatty,-,-,-,"Rs. 1,77,352 - 2,07,188"
854,Marine Lines,"Rs. 37,400 - 43,988/sq. ft.",-,"Rs. 1,03,020 - 1,35,660","Rs. 1,75,100 - 2,05,700"
855,Matunga,"Rs. 28,348 - 32,810/sq. ft.","Rs. 37,740 - 43,350","Rs. 58,507 - 68,258","Rs. 1,00,725 - 1,24,950"
856,Matunga East,"Rs. 27,625 - 31,875/sq. ft.","Rs. 39,061 - 44,867","Rs. 63,114 - 78,893","Rs. 97,186 - 1,16,083"
857,Matunga West,"Rs. 28,560 - 32,938/sq. ft.","Rs. 37,740 - 43,350","Rs. 55,718 - 65,408","Rs. 1,09,650 - 1,27,500"
858,Mumbai Central,"Rs. 32,895 - 41,395/sq. ft.","Rs. 28,560 - 33,456","Rs. 66,462 - 81,653",-
859,Napean Sea Road,"Rs. 46,538 - 56,058/sq. ft.","Rs. 56,355 - 71,272","Rs. 89,597 - 1,08,263","Rs. 2,24,407 - 2,61,195"
860,Nariman Point,-,-,-,"Rs. 2,92,612 - 3,44,632"
861,Parel,"Rs. 22,270 - 26,392/sq. ft.","Rs. 29,325 - 34,000","Rs. 62,645 - 72,930","Rs. 88,740 - 1,10,160"
862,Parmanand Wadi,"Rs. 22,398 - 25,032/sq. ft.","Rs. 27,770 - 33,660","Rs. 62,930 - 70,444","Rs. 83,116 - 1,06,279"
863,Peddar Road,"Rs. 39,738 - 46,878/sq. ft.","Rs. 60,562 - 68,212","Rs. 92,671 - 1,21,826","Rs. 1,72,156 - 2,01,838"
864,Prabhadevi,"Rs. 29,750 - 35,742/sq. ft.","Rs. 17,442 - 22,950","Rs. 71,400 - 83,895","Rs. 1,27,628 - 1,59,885"
865,Shivaji Park,"Rs. 30,770 - 35,828/sq. ft.","Rs. 41,269 - 45,200",-,"Rs. 99,960 - 1,22,570"
866,Shiv Sagar Estate,-,"Rs. 55,250 - 62,432",-,-
867,Siddharth Nagar,-,"Rs. 41,480 - 48,532",-,-
868,Tardeo,"Rs. 35,275 - 44,922/sq. ft.","Rs. 30,762 - 36,474","Rs. 65,512 - 79,754",-
869,Upper Worli,"Rs. 30,515 - 34,978/sq. ft.","Rs. 28,111 - 32,436",-,"Rs. 1,71,700 - 2,05,700"
870,Walkeshwar,"Rs. 42,032 - 57,460/sq. ft.",-,-,-
871,Worli,"Rs. 28,772 - 34,000/sq. ft.","Rs. 26,010 - 33,278","Rs. 77,222 - 87,975","Rs. 1,13,597 - 1,32,530"
872,Worli Hill,-,"Rs. 47,642 - 59,678","Rs. 68,850 - 82,450","Rs. 1,44,500 - 2,12,500"
873,Worli Naka,-,"Rs. 26,316 - 31,798","Rs. 70,125 - 84,150","Rs. 1,16,828 - 1,36,552"
874,Worli Seaface,"Rs. 35,615 - 49,342/sq. ft.","Rs. 47,049 - 53,465","Rs. 72,546 - 92,591","Rs. 1,08,460 - 1,23,250"
875,Bhakti Park,"Rs. 16,958 - 19,168/sq. ft.","Rs. 28,649 - 30,923","Rs. 44,412 - 48,450","Rs. 57,005 - 63,712"
876,Byculla,"Rs. 21,760 - 27,200/sq. ft.","Rs. 24,225 - 29,325",-,-
877,Byculla East,"Rs. 22,228 - 27,370/sq. ft.","Rs. 25,077 - 30,016",-,-
878,Byculla West,"Rs. 20,400 - 21,250/sq. ft.","Rs. 25,636 - 28,730",-,-
879,Chedda Nagar,-,"Rs. 22,100 - 25,415",-,-
880,Chembur,"Rs. 15,598 - 18,742/sq. ft.","Rs. 23,786 - 27,255","Rs. 37,400 - 43,350","Rs. 54,230 - 62,858"
881,Chembur (East),"Rs. 15,640 - 18,530/sq. ft.","Rs. 24,480 - 28,397","Rs. 38,250 - 44,200","Rs. 54,965 - 63,515"
882,Chembur (West),"Rs. 13,260 - 16,022/sq. ft.","Rs. 20,213 - 23,664","Rs. 26,732 - 31,790","Rs. 39,073 - 48,266"
883,Chembur Gaothan,-,-,"Rs. 40,229 - 49,448","Rs. 56,988 - 60,214"
884,Collectors Colony Chembur,"Rs. 15,980 - 17,170/sq. ft.","Rs. 24,310 - 27,115","Rs. 34,612 - 37,208",-
885,Cotton Green,-,"Rs. 12,584 - 14,191",-,-
886,Deonar,"Rs. 15,470 - 19,168/sq. ft.","Rs. 27,724 - 34,398","Rs. 38,250 - 45,050","Rs. 54,779 - 65,497"
887,Ghodapdeo,-,"Rs. 13,698 - 16,935",-,-
888,Govandi,"Rs. 12,835 - 14,875/sq. ft.","Rs. 18,438 - 21,372","Rs. 35,819 - 40,817",-
889,Govandi East,"Rs. 13,558 - 14,875/sq. ft.","Rs. 19,928 - 22,142","Rs. 35,343 - 40,966",-
890,Lalbaug,"Rs. 27,412 - 30,642/sq. ft.","Rs. 22,503 - 25,044","Rs. 58,624 - 64,842","Rs. 64,515 - 78,591"
891,Mankhurd,"Rs. 8,585 - 10,285/sq. ft.","Rs. 11,192 - 12,549",-,-
892,Mazgaon,"Rs. 23,375 - 29,410/sq. ft.","Rs. 27,051 - 33,108",-,-
893,Nagesh Patilwadi,-,-,"Rs. 35,768 - 42,027",-
894,Postal Colony,-,"Rs. 14,578 - 16,065",-,-
895,RCF Colony Chembur,"Rs. 15,258 - 18,530/sq. ft.","Rs. 23,842 - 27,582","Rs. 33,958 - 39,015",-
896,Sewri,"Rs. 23,120 - 26,818/sq. ft.","Rs. 29,070 - 32,462","Rs. 75,030 - 82,450","Rs. 99,652 - 1,43,336"
897,Sindhi Society Chembur,"Rs. 16,235 - 19,252/sq. ft.","Rs. 25,318 - 28,184","Rs. 37,952 - 43,605","Rs. 57,120 - 65,117"
898,Subhash Nagar,"Rs. 13,345 - 15,810/sq. ft.","Rs. 21,461 - 24,590","Rs. 41,942 - 47,933",-
899,Swastik Park,"Rs. 16,192 - 17,978/sq. ft.","Rs. 23,375 - 26,648","Rs. 36,550 - 42,500","Rs. 48,875 - 57,375"
900,Tilak Nagar,"Rs. 13,558 - 15,385/sq. ft.","Rs. 22,100 - 24,752","Rs. 32,201 - 36,035","Rs. 41,861 - 47,369"
901,Tolaram Colony,-,"Rs. 23,162 - 28,258","Rs. 32,512 - 36,338",-
902,Union Park,"Rs. 19,210 - 23,035/sq. ft.","Rs. 25,500 - 29,580","Rs. 39,525 - 43,478","Rs. 56,695 - 65,322"
903,Wadala,"Rs. 17,085 - 19,848/sq. ft.","Rs. 33,600 - 36,610","Rs. 42,211 - 47,893","Rs. 61,404 - 71,638"
904,Wadala East,"Rs. 17,510 - 19,805/sq. ft.","Rs. 28,221 - 30,461","Rs. 40,545 - 45,135","Rs. 56,962 - 63,663"
905,Wadala West,"Rs. 19,168 - 22,780/sq. ft.",-,"Rs. 45,518 - 55,632",-
